aid,uid,score
2118,64355836,0.5
692,45051997,0.5
692,10869198,0.5
1918,75929554,0.5
1596,5790162,0.5
1044,14187856,0.5
12,6387181,0.5
1044,27283647,0.5
916,30281845,0.5
692,4660794,0.5
411,49916413,0.5
1728,79687166,0.5
311,39287343,0.5
311,64202546,0.5
1379,78325024,0.5
1918,72637121,0.5
404,67747555,0.5
70,31117893,0.5
1119,75894202,0.5
1379,51088238,0.5
1714,33917239,0.5
1596,39057002,0.5
1017,26157770,0.5
1415,73802203,0.5
529,30886001,0.5
302,11947096,0.5
686,55761680,0.5
411,76190374,0.5
70,56653667,0.5
1017,2945086,0.5
1338,36635224,0.5
1140,71285344,0.5
1672,52654641,0.5
191,12377220,0.5
12,78853248,0.5
1605,50638606,0.5
916,25988346,0.5
1202,48812403,0.5
692,54635149,0.5
939,30918324,0.5
1468,77560902,0.5
1566,54061863,0.5
1291,71159809,0.5
411,79998923,0.5
1291,46547920,0.5
1605,17931862,0.5
2031,42203613,0.5
692,60889627,0.5
561,53457989,0.5
174,25712853,0.5
1910,39540120,0.5
311,5136498,0.5
1918,26023470,0.5
1566,10067276,0.5
1918,82243463,0.5
1566,25429672,0.5
98,18510614,0.5
765,21092863,0.5
939,18470187,0.5
1044,9158535,0.5
432,19225319,0.5
725,45214543,0.5
1566,66818763,0.5
70,70174999,0.5
914,45818516,0.5
1291,53863458,0.5
1291,45845513,0.5
1596,79144146,0.5
1317,67026323,0.5
1023,32172036,0.5
2201,64718634,0.5
389,1040471,0.5
191,31751876,0.5
411,72726476,0.5
1483,78696876,0.5
765,16950169,0.5
1415,11499419,0.5
173,22073817,0.5
914,43287971,0.5
1566,50443272,0.5
411,46451823,0.5
846,218935,0.5
2013,54333977,0.5
191,50691278,0.5
561,46611465,0.5
12,67030551,0.5
471,6695553,0.5
1931,49308388,0.5
74,81411780,0.5
1596,31601966,0.5
1728,40660634,0.5
543,80793928,0.5
74,5464649,0.5
692,56271064,0.5
1728,43125854,0.5
1415,21316465,0.5
1728,23503121,0.5
1749,55613243,0.5
411,5985354,0.5
1605,11913341,0.5
1566,14848281,0.5
1918,81176603,0.5
1468,54953302,0.5
916,61520252,0.5
411,48074307,0.5
725,13685215,0.5
389,32246802,0.5
1407,79371136,0.5
404,23345913,0.5
1254,21872232,0.5
914,55008367,0.5
1379,51728287,0.5
411,43249260,0.5
692,10031844,0.5
2118,4536480,0.5
1622,22737941,0.5
311,46703916,0.5
1714,26044748,0.5
411,30328033,0.5
1468,32500910,0.5
1119,44361382,0.5
471,6011865,0.5
191,7393749,0.5
302,70357463,0.5
121,26519993,0.5
692,48263361,0.5
1599,12023183,0.5
903,57173231,0.5
411,22909228,0.5
1966,80295245,0.5
543,19004047,0.5
1379,10600986,0.5
692,18435122,0.5
136,49226000,0.5
660,54197410,0.5
1201,81234149,0.5
1918,23373553,0.5
136,30564210,0.5
2031,7400154,0.5
1530,61803376,0.5
2013,39031412,0.5
1918,68929149,0.5
1407,46034499,0.5
792,44304908,0.5
1468,45705629,0.5
561,44248763,0.5
1379,29884771,0.5
1291,20789822,0.5
117,16147635,0.5
1044,26661223,0.5
1918,10464419,0.5
1254,21845300,0.5
1910,17316972,0.5
1841,65512839,0.5
1468,52973113,0.5
389,49746125,0.5
1291,21696984,0.5
411,32925703,0.5
1781,53995775,0.5
916,24334378,0.5
692,68556945,0.5
1415,12324998,0.5
1918,69066902,0.5
561,11099404,0.5
117,54208455,0.5
1605,6385905,0.5
1871,48214626,0.5
174,13968940,0.5
748,37771500,0.5
1291,76453193,0.5
1566,35006284,0.5
12,25880127,0.5
1530,2098434,0.5
1291,68935736,0.5
1119,79504033,0.5
1605,82185277,0.5
2031,52329030,0.5
727,44559451,0.5
1468,998834,0.5
231,35826750,0.5
1781,43917811,0.5
2197,3886613,0.5
1379,63851132,0.5
1379,62271667,0.5
18,37567509,0.5
231,80389571,0.5
765,42526618,0.5
2054,30328813,0.5
1566,81003748,0.5
1119,64510352,0.5
70,44317197,0.5
1379,63894393,0.5
18,53849565,0.5
6,78580258,0.5
1468,24002350,0.5
311,41803005,0.5
1119,21767466,0.5
136,81289940,0.5
1468,43370205,0.5
1468,35603609,0.5
1407,43978004,0.5
1291,21539821,0.5
1728,72783349,0.5
1415,18983609,0.5
561,41676142,0.5
966,34989665,0.5
1291,41779048,0.5
914,67114892,0.5
846,49198943,0.5
411,31332994,0.5
2048,42501495,0.5
191,18706439,0.5
1119,7547250,0.5
1918,36098627,0.5
1894,80361354,0.5
191,41792341,0.5
2031,78657423,0.5
543,20182928,0.5
117,12874721,0.5
117,3945389,0.5
2031,30201357,0.5
1918,521038,0.5
543,58499088,0.5
1819,581879,0.5
1622,64063748,0.5
2118,62790098,0.5
1931,37753622,0.5
1291,52420316,0.5
2048,77555227,0.5
1566,37287345,0.5
975,1456379,0.5
1468,38209803,0.5
1119,52187972,0.5
136,2116697,0.5
1202,40331006,0.5
191,78780217,0.5
1468,80173019,0.5
914,62339311,0.5
1407,8674885,0.5
846,7759460,0.5
748,63151121,0.5
1468,14776571,0.5
1201,17821506,0.5
1119,17204015,0.5
1530,6198566,0.5
1242,67410238,0.5
404,46534942,0.5
853,39641300,0.5
311,21985867,0.5
1254,28609540,0.5
1284,17372269,0.5
1468,78781006,0.5
404,43631236,0.5
70,68855195,0.5
1023,36771813,0.5
939,38732073,0.5
1415,75717341,0.5
1781,794981,0.5
846,71048834,0.5
1827,11895287,0.5
411,53625885,0.5
1415,79757494,0.5
2068,41689220,0.5
70,49732795,0.5
177,3626540,0.5
914,13713345,0.5
914,2246131,0.5
432,8569654,0.5
1291,34802215,0.5
765,46320006,0.5
1140,1343731,0.5
1566,48169735,0.5
1119,11767257,0.5
1407,7232176,0.5
1291,23609424,0.5
302,29758380,0.5
286,64410805,0.5
1023,46140032,0.5
1503,47575126,0.5
846,73628507,0.5
1918,50549478,0.5
336,22204322,0.5
18,52826497,0.5
1291,5099216,0.5
369,12130970,0.5
1119,14056630,0.5
1918,79009421,0.5
1605,20116462,0.5
1140,36727269,0.5
916,24299344,0.5
699,60460483,0.5
1119,29730943,0.5
1605,20766301,0.5
1991,66985023,0.5
2112,73867477,0.5
121,19473867,0.5
1827,55711909,0.5
1415,38016696,0.5
389,42240944,0.5
727,33175938,0.5
1530,663306,0.5
432,36405849,0.5
2118,14471378,0.5
311,5033188,0.5
1512,75429770,0.5
2031,45372534,0.5
1215,18734925,0.5
914,26677057,0.5
692,20618456,0.5
692,19355022,0.5
561,77863437,0.5
2118,58562639,0.5
561,20582495,0.5
1716,9584459,0.5
369,23953261,0.5
1449,75246218,0.5
2169,58237956,0.5
191,32652567,0.5
914,16526975,0.5
1407,8521781,0.5
411,57594968,0.5
561,80407730,0.5
411,59113852,0.5
692,29954111,0.5
1182,41817291,0.5
369,28196084,0.5
939,60092307,0.5
7,59876144,0.5
916,57426006,0.5
411,42346876,0.5
1338,57013388,0.5
1918,43149672,0.5
231,61863718,0.5
916,45462339,0.5
727,27651430,0.5
692,77434264,0.5
692,62979727,0.5
1415,63328469,0.5
1291,10484854,0.5
1017,78895772,0.5
1182,43097017,0.5
1998,78894885,0.5
302,77581751,0.5
411,25847937,0.5
136,33795003,0.5
1566,13150895,0.5
1566,51488645,0.5
1291,38948437,0.5
966,58476622,0.5
1508,14995020,0.5
1530,54444898,0.5
1415,53748726,0.5
1468,57263368,0.5
117,79718871,0.5
846,65751363,0.5
411,51946049,0.5
1716,25395511,0.5
2197,59654759,0.5
1201,38075224,0.5
1291,45860108,0.5
191,66874612,0.5
174,51831953,0.5
519,55528447,0.5
2013,51517925,0.5
117,22451171,0.5
692,27699128,0.5
692,36850137,0.5
411,11553505,0.5
1379,18741629,0.5
692,16135771,0.5
1291,74860659,0.5
1350,42712500,0.5
1950,62488205,0.5
1407,77153172,0.5
1377,72972384,0.5
1377,29015974,0.5
1904,31844728,0.5
1415,46824057,0.5
916,51924022,0.5
1215,59984457,0.5
1918,68074357,0.5
1415,61513950,0.5
543,33291527,0.5
1119,37366972,0.5
1338,3634194,0.5
191,69995104,0.5
916,42199196,0.5
1596,58910111,0.5
411,17378411,0.5
1415,5184028,0.5
432,501922,0.5
1940,68916353,0.5
136,65233138,0.5
1140,61276073,0.5
1338,3095003,0.5
302,11457759,0.5
2013,22821354,0.5
311,71936782,0.5
914,21601763,0.5
2050,60344907,0.5
311,56946569,0.5
1940,8070856,0.5
117,43845444,0.5
206,61504181,0.5
1714,75869713,0.5
1291,67453327,0.5
681,55988993,0.5
692,52347045,0.5
1566,34175695,0.5
2118,60099860,0.5
113,46686167,0.5
561,2147940,0.5
1171,18449216,0.5
561,35340701,0.5
939,22315052,0.5
1468,10325705,0.5
389,36911882,0.5
1377,73757086,0.5
2112,68022,0.5
70,66123433,0.5
2118,51983623,0.5
561,66078238,0.5
853,9488361,0.5
692,13051703,0.5
914,44732363,0.5
966,17779838,0.5
671,7422444,0.5
1407,81324333,0.5
725,81915576,0.5
206,47021968,0.5
1291,57078610,0.5
846,35753934,0.5
1468,39625302,0.5
1728,13735441,0.5
411,76848945,0.5
647,38251498,0.5
2054,54380339,0.5
692,50616592,0.5
286,47631674,0.5
117,1841369,0.5
6,53155353,0.5
1566,40769172,0.5
1483,7680746,0.5
916,2282707,0.5
1119,3602141,0.5
692,61235207,0.5
1970,46386892,0.5
98,3339958,0.5
1468,25312521,0.5
1291,10426543,0.5
1496,57361945,0.5
1566,72620314,0.5
1021,14872074,0.5
927,21319056,0.5
1140,58133303,0.5
411,33241548,0.5
748,2047009,0.5
2118,48573565,0.5
561,43460877,0.5
411,43326101,0.5
1827,31985661,0.5
1605,52203380,0.5
1254,14333543,0.5
1215,37011491,0.5
1023,24875865,0.5
70,64381472,0.5
302,3269538,0.5
411,51015775,0.5
1291,18847166,0.5
1605,8200172,0.5
411,66728345,0.5
1379,59386154,0.5
1119,16860466,0.5
692,78426584,0.5
853,76696591,0.5
1749,63731767,0.5
2201,10236640,0.5
1599,20233356,0.5
1605,10710642,0.5
121,56881668,0.5
2048,70386515,0.5
1017,74612945,0.5
1566,22750026,0.5
543,11249615,0.5
173,44635196,0.5
692,37623576,0.5
792,12862674,0.5
1119,71151668,0.5
1605,2420453,0.5
1119,46464049,0.5
838,860210,0.5
1119,67924753,0.5
1468,11937730,0.5
1119,55143781,0.5
404,47412626,0.5
1728,15149137,0.5
1749,8293944,0.5
411,9320180,0.5
117,13002985,0.5
903,73253430,0.5
1468,26270716,0.5
561,16349282,0.5
411,51263962,0.5
519,31906507,0.5
1605,445217,0.5
2013,74990541,0.5
2013,27499783,0.5
389,5482347,0.5
1119,14743173,0.5
1338,14706551,0.5
914,54250922,0.5
1596,31495590,0.5
1468,2566720,0.5
117,58762291,0.5
70,50831581,0.5
519,40492306,0.5
1119,19467625,0.5
692,43508215,0.5
2169,30866234,0.5
2118,41334484,0.5
692,1427779,0.5
1716,65100078,0.5
1566,24551189,0.5
389,40104859,0.5
404,9336019,0.5
1119,30123464,0.5
411,31215511,0.5
302,11382722,0.5
975,58686445,0.5
411,58549686,0.5
1291,15037652,0.5
411,61643516,0.5
191,33744701,0.5
1119,41689225,0.5
916,78552193,0.5
966,45791880,0.5
1379,74686454,0.5
1950,80670958,0.5
1918,47684440,0.5
660,78810544,0.5
1215,51720603,0.5
2031,49336051,0.5
1918,58851684,0.5
173,30612205,0.5
692,6907370,0.5
1254,78169585,0.5
205,76215736,0.5
1291,51886266,0.5
1714,28070270,0.5
70,38031587,0.5
1017,72847650,0.5
70,29698068,0.5
916,44841327,0.5
191,21162891,0.5
916,46541982,0.5
411,71497802,0.5
411,17153940,0.5
1375,39023106,0.5
692,49394299,0.5
1119,42477415,0.5
174,32035492,0.5
1931,42294979,0.5
561,42975513,0.5
1291,69478464,0.5
1950,29464853,0.5
1871,53391150,0.5
1254,72220793,0.5
1119,76897525,0.5
561,21563831,0.5
411,69046909,0.5
692,5817554,0.5
1918,2542678,0.5
1622,82017830,0.5
1468,73673394,0.5
1468,40110594,0.5
1021,58834585,0.5
562,43328573,0.5
1749,37613721,0.5
1918,35044287,0.5
136,62956650,0.5
1468,63889873,0.5
1507,53276417,0.5
914,20943126,0.5
1672,5115454,0.5
1566,31831830,0.5
692,81352759,0.5
692,29950631,0.5
561,12770730,0.5
311,18337701,0.5
70,72661997,0.5
1507,62325557,0.5
748,40489819,0.5
916,50942966,0.5
231,57238026,0.5
1566,19109990,0.5
692,64915434,0.5
231,27604883,0.5
1596,71116893,0.5
1317,65751156,0.5
1918,3869105,0.5
1119,23218703,0.5
1468,14317509,0.5
432,51987929,0.5
404,17478747,0.5
2118,15347330,0.5
1119,30251928,0.5
1918,62353772,0.5
1483,5301149,0.5
1291,8051916,0.5
1140,39442825,0.5
543,59232200,0.5
411,64578346,0.5
1671,53868465,0.5
311,61212399,0.5
916,3560137,0.5
1530,79956026,0.5
692,19966576,0.5
914,71883431,0.5
1242,76817407,0.5
231,35987916,0.5
98,13126753,0.5
2118,65351235,0.5
1918,66671231,0.5
1468,55347983,0.5
1605,76187927,0.5
748,31510181,0.5
1468,51967377,0.5
302,23685527,0.5
1468,63188392,0.5
1407,25870496,0.5
136,9779990,0.5
173,17937278,0.5
1119,32469272,0.5
1379,11439906,0.5
136,33673922,0.5
1230,48056983,0.5
1530,48914419,0.5
1023,22505650,0.5
2169,64088025,0.5
1566,62472469,0.5
1918,29890649,0.5
191,5704177,0.5
1254,42417149,0.5
191,68153090,0.5
725,22124203,0.5
173,63909217,0.5
1140,27794183,0.5
1023,25729106,0.5
1566,52117903,0.5
136,59274036,0.5
136,51110592,0.5
1377,47891016,0.5
1468,54327194,0.5
1119,18146219,0.5
389,75626002,0.5
411,23069638,0.5
699,6285996,0.5
1468,77839160,0.5
1507,1334903,0.5
1119,52860297,0.5
1291,5601651,0.5
70,67278097,0.5
1023,11906719,0.5
471,7257871,0.5
136,23345203,0.5
70,17042989,0.5
1749,42296299,0.5
1918,72496943,0.5
561,798673,0.5
966,21691616,0.5
692,55354223,0.5
311,10377416,0.5
302,11174718,0.5
561,75095376,0.5
1291,63713650,0.5
311,68170182,0.5
1940,26205238,0.5
561,44860628,0.5
411,48358288,0.5
692,13448983,0.5
136,15995566,0.5
70,41859411,0.5
1728,77515594,0.5
389,3391728,0.5
1375,31765727,0.5
471,68803442,0.5
191,76917416,0.5
1530,67701942,0.5
2031,24869717,0.5
1415,67446908,0.5
302,3622269,0.5
1215,34222817,0.5
411,36637821,0.5
18,15570559,0.5
1119,43574018,0.5
389,68609008,0.5
699,58565915,0.5
692,15666383,0.5
1950,48574102,0.5
70,25504993,0.5
1415,55469705,0.5
70,60194545,0.5
1291,76096597,0.5
1379,49067183,0.5
70,58212445,0.5
1201,30022990,0.5
404,49981267,0.5
1749,54955454,0.5
1596,57140915,0.5
1468,19133520,0.5
121,5486322,0.5
1230,7979018,0.5
748,8239466,0.5
2216,42428668,0.5
1508,62195569,0.5
432,33967581,0.5
136,2969370,0.5
692,2269239,0.5
1530,40705072,0.5
1635,26675967,0.5
411,21719841,0.5
939,39650290,0.5
561,69262641,0.5
1671,31795602,0.5
1566,57903874,0.5
1566,69899201,0.5
450,49923165,0.5
1291,63964346,0.5
136,69531586,0.5
1215,22930608,0.5
1749,54271390,0.5
2031,80930081,0.5
1119,50126979,0.5
1119,34282961,0.5
311,71088935,0.5
70,40155614,0.5
765,27144791,0.5
1119,24588741,0.5
846,27558262,0.5
136,72572287,0.5
174,11136833,0.5
1622,1982787,0.5
70,66907079,0.5
1483,37759825,0.5
1716,52248289,0.5
411,10719450,0.5
2068,70296033,0.5
692,19531931,0.5
311,28347569,0.5
1291,69129759,0.5
70,61846378,0.5
1291,8465740,0.5
2013,17449573,0.5
1566,3114527,0.5
411,17434427,0.5
692,5607250,0.5
692,59908695,0.5
699,6665658,0.5
561,50443406,0.5
12,14136085,0.5
765,53716436,0.5
529,34394077,0.5
1291,1496398,0.5
748,58243752,0.5
191,26956391,0.5
1254,76703348,0.5
404,63096316,0.5
1468,11383779,0.5
191,70480151,0.5
660,81070666,0.5
1819,76883535,0.5
692,14394985,0.5
1918,61217619,0.5
311,65545842,0.5
1291,25221105,0.5
692,63377296,0.5
1230,9200101,0.5
173,68262620,0.5
173,51829007,0.5
1335,36986894,0.5
1468,1260819,0.5
727,39450822,0.5
411,39412478,0.5
519,34695162,0.5
1749,70103988,0.5
2031,30698185,0.5
1566,70531824,0.5
692,29288384,0.5
369,73726822,0.5
286,4487509,0.5
1530,20685805,0.5
2031,74403430,0.5
2205,26181135,0.5
404,12637370,0.5
1119,78706105,0.5
311,50840912,0.5
543,40817377,0.5
191,29039315,0.5
692,7616253,0.5
1242,70170785,0.5
966,79145811,0.5
1749,3927167,0.5
1530,62942199,0.5
1904,75752813,0.5
2031,31403685,0.5
1530,21889195,0.5
1201,23700940,0.5
1291,34378239,0.5
191,60686204,0.5
2031,30591508,0.5
389,25162867,0.5
286,161075,0.5
692,15545528,0.5
516,62469337,0.5
1449,77216750,0.5
1819,77624600,0.5
1017,26502806,0.5
1230,54316589,0.5
894,7554670,0.5
411,6043370,0.5
136,59475634,0.5
231,79604798,0.5
692,81858186,0.5
1918,21671845,0.5
2066,61211531,0.5
1503,44783574,0.5
191,51458356,0.5
1671,26161494,0.5
519,43983150,0.5
2013,49962355,0.5
117,40723174,0.5
1291,65183937,0.5
543,79909785,0.5
74,34272950,0.5
1716,48278450,0.5
1407,11664940,0.5
286,55888923,0.5
432,78835309,0.5
1605,46070880,0.5
1291,1130972,0.5
2013,57932617,0.5
1291,38087346,0.5
1716,35189205,0.5
1950,23890871,0.5
1894,77685425,0.5
191,74942596,0.5
1291,64470204,0.5
1119,9056964,0.5
1930,37906559,0.5
1119,20392211,0.5
389,49903892,0.5
1291,13778314,0.5
411,21287518,0.5
432,63615480,0.5
1483,1992580,0.5
12,20753573,0.5
561,35801648,0.5
1605,64641424,0.5
12,28972816,0.5
1599,55700978,0.5
1468,48241867,0.5
1918,12372728,0.5
1119,14407196,0.5
561,66337327,0.5
191,37933582,0.5
914,53068135,0.5
1140,42555584,0.5
1512,62687578,0.5
1468,26881768,0.5
853,21497658,0.5
1566,9703079,0.5
1918,53981953,0.5
1119,75734866,0.5
1530,81346987,0.5
1379,77882571,0.5
471,70848689,0.5
411,78030601,0.5
1415,45569546,0.5
177,45126764,0.5
1017,3479313,0.5
1599,60942571,0.5
389,59871847,0.5
411,80862522,0.5
1998,508034,0.5
1566,34738666,0.5
1415,71668044,0.5
1377,240931,0.5
369,45419451,0.5
1415,60035459,0.5
2118,81466391,0.5
117,17674878,0.5
1021,81335185,0.5
1950,3330974,0.5
932,74619085,0.5
1291,81605682,0.5
1407,66770374,0.5
1468,48468347,0.5
1119,64922382,0.5
1017,81334456,0.5
1566,78466987,0.5
117,56692007,0.5
1415,43846223,0.5
411,61882952,0.5
1254,33092625,0.5
1530,34042030,0.5
1379,73330483,0.5
206,79084916,0.5
191,81203880,0.5
2031,12328752,0.5
1291,77225401,0.5
1119,45614763,0.5
1530,11474041,0.5
1605,31146255,0.5
692,72872940,0.5
1596,3140194,0.5
692,60051292,0.5
205,77775810,0.5
1904,67152902,0.5
1566,75323135,0.5
1622,78995719,0.5
1790,63991859,0.5
212,70300959,0.5
1827,37482352,0.5
692,29591886,0.5
692,54246672,0.5
1530,714263,0.5
1119,27259345,0.5
1950,43784578,0.5
1605,79992799,0.5
173,13429910,0.5
302,56897650,0.5
1483,53888499,0.5
411,48657294,0.5
727,22235453,0.5
113,38450854,0.5
411,24345186,0.5
1377,9464628,0.5
1714,48999236,0.5
692,36173389,0.5
1508,16731854,0.5
692,500175,0.5
191,11457680,0.5
1894,65163105,0.5
792,6221783,0.5
966,72214768,0.5
411,13430236,0.5
1950,15614700,0.5
846,55708621,0.5
561,55274315,0.5
1918,8399924,0.5
1714,6067587,0.5
1566,2151685,0.5
1950,64705156,0.5
1017,35283576,0.5
1950,39904513,0.5
1254,49792525,0.5
765,22346758,0.5
1468,61891458,0.5
2013,53630097,0.5
1894,50119151,0.5
1291,46685731,0.5
529,76608648,0.5
432,78597992,0.5
748,41844751,0.5
686,59413667,0.5
966,72251349,0.5
846,80741214,0.5
70,48534791,0.5
191,43036114,0.5
692,40249303,0.5
471,11535167,0.5
411,14067746,0.5
692,9988306,0.5
725,5414652,0.5
1635,68143763,0.5
1415,25755266,0.5
1468,13681801,0.5
420,47240275,0.5
1379,11913726,0.5
1841,72955191,0.5
2013,75283231,0.5
411,61658259,0.5
543,78014237,0.5
1672,8645774,0.5
1468,2149441,0.5
313,79231233,0.5
1119,76056620,0.5
2118,48852158,0.5
2112,70785626,0.5
2047,11957656,0.5
1566,18540663,0.5
1021,11730797,0.5
1596,32463428,0.5
699,11395197,0.5
1379,9981411,0.5
846,41449874,0.5
966,5129339,0.5
1107,53534602,0.5
113,47686200,0.5
1749,70324803,0.5
411,11574623,0.5
1918,1240034,0.5
302,67550706,0.5
1503,7464126,0.5
1254,43927383,0.5
914,28463286,0.5
1918,23549630,0.5
420,64339718,0.5
1407,46004698,0.5
886,61156434,0.5
914,38177774,0.5
191,43447234,0.5
117,32593769,0.5
411,76742774,0.5
1918,15275674,0.5
1284,69512231,0.5
117,27571484,0.5
1407,5024719,0.5
1596,49794091,0.5
692,50643839,0.5
173,25300523,0.5
1201,79052154,0.5
1781,21996744,0.5
1512,5807219,0.5
191,69450603,0.5
692,61382975,0.5
1468,76428576,0.5
1512,34543660,0.5
369,48195105,0.5
692,11645817,0.5
692,46086329,0.5
1379,40000836,0.5
1415,42668660,0.5
914,50097460,0.5
561,74007729,0.5
561,27869258,0.5
561,37928376,0.5
1605,74537401,0.5
1918,68625070,0.5
1530,8059138,0.5
302,2204459,0.5
699,20114934,0.5
1291,68995316,0.5
1375,27275576,0.5
914,14852555,0.5
2031,79382809,0.5
2031,21547682,0.5
1140,79903811,0.5
846,67447587,0.5
411,31229622,0.5
117,32535423,0.5
914,40188131,0.5
1027,62063275,0.5
1407,58039809,0.5
853,70144461,0.5
272,6386676,0.5
1415,54813401,0.5
1415,35816002,0.5
2050,60931393,0.5
1468,56643521,0.5
846,36536927,0.5
286,2909621,0.5
1119,24577376,0.5
420,44121929,0.5
1119,38583371,0.5
966,59649503,0.5
389,12924603,0.5
914,3337795,0.5
1596,56902042,0.5
692,76158945,0.5
692,65207723,0.5
1468,28486253,0.5
411,58527710,0.5
692,38737445,0.5
1119,78130564,0.5
692,49319190,0.5
561,42183374,0.5
173,23535634,0.5
1254,63910464,0.5
561,60140693,0.5
1407,59959566,0.5
70,44781156,0.5
1671,30404306,0.5
1918,67128638,0.5
624,75315286,0.5
1415,42333651,0.5
1781,62749068,0.5
2031,56899197,0.5
1566,34953883,0.5
692,21028925,0.5
1819,18966534,0.5
1904,17107645,0.5
1182,31111109,0.5
1379,15541809,0.5
1728,11617197,0.5
7,5690509,0.5
411,75400200,0.5
1415,73595165,0.5
914,82438092,0.5
846,26455531,0.5
561,47516074,0.5
692,34182910,0.5
164,13847865,0.5
1468,6272015,0.5
411,49986590,0.5
1918,37107945,0.5
404,37385425,0.5
2048,78611168,0.5
1749,10258931,0.5
302,1929990,0.5
1530,41139515,0.5
1918,13099868,0.5
369,53621387,0.5
411,59413697,0.5
191,19440999,0.5
914,43450479,0.5
2048,27419290,0.5
1749,71382964,0.5
1918,34966854,0.5
561,4427967,0.5
311,34060383,0.5
411,8825245,0.5
471,16425167,0.5
205,34201980,0.5
846,3596578,0.5
699,52935197,0.5
561,59069751,0.5
1449,55379343,0.5
231,56271164,0.5
1023,73844603,0.5
1468,67430428,0.5
1119,16010456,0.5
411,26282112,0.5
404,45870949,0.5
369,29685912,0.5
177,70420245,0.5
1599,76683581,0.5
543,54300843,0.5
1449,43536227,0.5
727,44591463,0.5
2013,78970053,0.5
191,58005124,0.5
206,33525928,0.5
173,21713502,0.5
2013,82039316,0.5
313,47801384,0.5
411,12218260,0.5
1530,70706562,0.5
2031,52804111,0.5
1622,57564797,0.5
1596,74678313,0.5
411,42330742,0.5
411,22161197,0.5
1119,41627150,0.5
692,54067749,0.5
1377,9624010,0.5
1622,7094082,0.5
2031,78654425,0.5
1379,428057,0.5
561,32807785,0.5
206,59007179,0.5
1468,19042571,0.5
2054,13928728,0.5
411,29610819,0.5
12,35148777,0.5
1894,62499618,0.5
748,23854220,0.5
1379,13548151,0.5
1566,53885213,0.5
411,25967071,0.5
1530,34998968,0.5
1407,62234715,0.5
1918,78923430,0.5
2031,52347223,0.5
12,34772430,0.5
846,57656448,0.5
1119,74583121,0.5
411,82097722,0.5
1716,42317987,0.5
1415,14575521,0.5
966,48592137,0.5
70,26748128,0.5
1871,51742528,0.5
1566,56730301,0.5
1291,31667009,0.5
191,15869118,0.5
792,34375278,0.5
966,15021038,0.5
2013,7554520,0.5
411,23324416,0.5
1407,58156825,0.5
561,20507810,0.5
1530,45892829,0.5
1970,19968622,0.5
12,64817609,0.5
411,28498962,0.5
960,54262206,0.5
692,77275228,0.5
1119,27277187,0.5
561,61502449,0.5
1017,76727513,0.5
1415,7650794,0.5
932,6373817,0.5
1566,27326852,0.5
914,40192744,0.5
1017,29480199,0.5
1338,36039163,0.5
1377,34577700,0.5
1605,34571518,0.5
692,58921524,0.5
727,31097467,0.5
2068,79468702,0.5
70,42039984,0.5
389,1478614,0.5
411,31160423,0.5
231,25393953,0.5
692,27264066,0.5
1415,61970667,0.5
692,75459257,0.5
1605,3999948,0.5
692,24345443,0.5
1621,60828560,0.5
692,48518663,0.5
692,31200097,0.5
543,81959751,0.5
1254,70590892,0.5
2216,7129575,0.5
846,13129617,0.5
1950,2562185,0.5
1605,18730635,0.5
846,66180583,0.5
1931,56218666,0.5
1215,55540153,0.5
18,64143372,0.5
411,46406491,0.5
1021,10672503,0.5
692,52469385,0.5
692,76209364,0.5
561,38224969,0.5
1017,74896225,0.5
975,75536979,0.5
1468,6282568,0.5
748,73750214,0.5
1379,62641230,0.5
411,627080,0.5
369,48650755,0.5
1950,7649416,0.5
1350,7220432,0.5
212,67789839,0.5
1950,49580190,0.5
70,74877477,0.5
7,7542620,0.5
561,3255928,0.5
1140,77978513,0.5
145,47000966,0.5
1379,36375554,0.5
411,44951521,0.5
1918,67593440,0.5
1284,53307586,0.5
1605,56153287,0.5
411,42596462,0.5
389,1973472,0.5
1377,2463380,0.5
846,48646072,0.5
177,57598807,0.5
1379,68707634,0.5
231,46925518,0.5
411,55216448,0.5
1017,29000193,0.5
2050,48671211,0.5
136,61239245,0.5
1605,62436848,0.5
231,16208598,0.5
1119,35460168,0.5
411,48778499,0.5
1017,72224339,0.5
1728,4412696,0.5
692,54527000,0.5
1291,53532989,0.5
1749,11391590,0.5
1468,69916347,0.5
1021,47461147,0.5
136,47442658,0.5
1119,28730552,0.5
1716,32033080,0.5
692,38015458,0.5
1970,15390226,0.5
1508,38312865,0.5
692,66298243,0.5
191,21503853,0.5
1291,3378413,0.5
1781,38551822,0.5
177,20626457,0.5
792,79809355,0.5
2118,5433409,0.5
561,45588623,0.5
1119,3041507,0.5
1950,53588307,0.5
1468,79962576,0.5
1119,2975513,0.5
1925,54835608,0.5
692,62012127,0.5
1841,60668205,0.5
1023,53310275,0.5
966,77433345,0.5
2118,67610012,0.5
1530,52664042,0.5
1930,80436971,0.5
12,33933183,0.5
1508,44823433,0.5
1379,42690972,0.5
74,73629644,0.5
136,61068878,0.5
692,75477633,0.5
70,75158737,0.5
1291,19581351,0.5
1291,11969699,0.5
1918,59986527,0.5
2118,36231688,0.5
939,63548307,0.5
846,40167010,0.5
411,39174608,0.5
1317,80012976,0.5
1044,25600049,0.5
1605,78561511,0.5
1202,61002768,0.5
914,16758594,0.5
311,2845760,0.5
1119,22714384,0.5
1635,76596591,0.5
369,52050063,0.5
1716,37498805,0.5
1119,7103567,0.5
70,64187485,0.5
1468,77609365,0.5
1379,50738507,0.5
1291,37362202,0.5
686,3684539,0.5
1350,31221144,0.5
411,47434927,0.5
212,45319369,0.5
1507,63510554,0.5
2050,18498590,0.5
692,77807220,0.5
1415,67490812,0.5
432,74130972,0.5
1781,15862706,0.5
1841,9165146,0.5
2050,709706,0.5
916,69745668,0.5
1950,71327111,0.5
1728,75375363,0.5
98,52849708,0.5
692,43995044,0.5
1201,62452965,0.5
1119,37819821,0.5
1291,63502358,0.5
1468,4324070,0.5
914,1769147,0.5
1749,44127200,0.5
2197,6986569,0.5
1622,64971329,0.5
411,57648004,0.5
1894,53934011,0.5
1566,73554679,0.5
914,12298910,0.5
1171,21267306,0.5
1749,8855019,0.5
886,55571536,0.5
136,30012740,0.5
1119,24557640,0.5
1530,12592805,0.5
692,24269083,0.5
561,72808618,0.5
1119,1039651,0.5
1379,25041431,0.5
1017,63753450,0.5
561,70696847,0.5
1201,21466952,0.5
471,55198141,0.5
12,43880432,0.5
1119,64884249,0.5
561,21705589,0.5
1468,12089628,0.5
411,9541860,0.5
1119,48731790,0.5
1407,4402811,0.5
411,39321759,0.5
231,30405688,0.5
1468,15607010,0.5
1728,56228574,0.5
177,51753683,0.5
1379,17289771,0.5
1566,75526720,0.5
2201,28365071,0.5
1415,70526674,0.5
692,45370091,0.5
1215,66250576,0.5
960,44320360,0.5
1728,64079033,0.5
136,65823235,0.5
411,21065883,0.5
145,33893133,0.5
1781,79657009,0.5
1566,20912182,0.5
1931,19779915,0.5
1596,52437282,0.5
2031,51099158,0.5
1468,28077174,0.5
1599,16963856,0.5
1468,59697942,0.5
1781,74593169,0.5
692,69415506,0.5
1021,16415590,0.5
411,73108089,0.5
1566,35712572,0.5
389,48221850,0.5
2031,826906,0.5
411,46204867,0.5
1530,65261974,0.5
411,58681619,0.5
1596,47835906,0.5
692,71973554,0.5
191,38053560,0.5
1530,59201506,0.5
1918,79696388,0.5
1749,14622527,0.5
1716,19076823,0.5
1749,37435582,0.5
70,81006065,0.5
2201,75766871,0.5
613,32179151,0.5
411,42569320,0.5
894,4716300,0.5
1827,46760968,0.5
692,66186121,0.5
2047,79780783,0.5
1379,78687083,0.5
12,67677731,0.5
1468,77789923,0.5
302,30728012,0.5
561,39945792,0.5
561,40533391,0.5
1017,70024738,0.5
302,10416287,0.5
1468,18033008,0.5
1468,67794117,0.5
136,46779189,0.5
853,77394924,0.5
1415,6396853,0.5
1918,80521926,0.5
914,2961687,0.5
1230,17301209,0.5
1918,72672420,0.5
1317,36033532,0.5
692,78261629,0.5
1379,27783350,0.5
692,73503441,0.5
1468,13113115,0.5
2013,14320807,0.5
846,46411784,0.5
411,23280409,0.5
1918,59609758,0.5
1119,11270372,0.5
1998,27592471,0.5
411,45872994,0.5
411,69996996,0.5
1530,30211183,0.5
1714,53054037,0.5
792,34251725,0.5
2031,77919012,0.5
1950,58364737,0.5
313,61186178,0.5
411,36382090,0.5
1291,6476326,0.5
1171,44931877,0.5
231,68161375,0.5
1284,59491796,0.5
1530,43049652,0.5
765,44466090,0.5
1918,47560300,0.5
1119,60142846,0.5
286,11577252,0.5
1017,13185258,0.5
692,81555818,0.5
1230,20771045,0.5
1622,49318219,0.5
70,53503139,0.5
853,69572141,0.5
411,13995378,0.5
1291,37813955,0.5
1468,4766754,0.5
136,56640336,0.5
1291,17028207,0.5
543,9260097,0.5
692,52945273,0.5
311,4222062,0.5
302,12019395,0.5
562,60849500,0.5
692,9370506,0.5
1507,53210806,0.5
173,52655508,0.5
692,75686108,0.5
1377,24874636,0.5
561,7431126,0.5
70,44909492,0.5
2112,76968185,0.5
1415,50389778,0.5
1119,31267943,0.5
1291,34553800,0.5
411,72598733,0.5
420,37949102,0.5
1171,29715009,0.5
894,34801954,0.5
561,40448442,0.5
136,12591395,0.5
1622,15404176,0.5
411,69572618,0.5
1566,803285,0.5
191,30876737,0.5
1622,27240480,0.5
1605,4750700,0.5
1596,47157107,0.5
692,1154134,0.5
1530,25685188,0.5
1119,81619286,0.5
1483,63920675,0.5
191,49147695,0.5
389,26145355,0.5
1407,12703732,0.5
1201,51631296,0.5
1468,7763002,0.5
699,11602725,0.5
1377,74513604,0.5
1215,41696162,0.5
1377,78916368,0.5
660,38335425,0.5
2118,52008206,0.5
1017,81517544,0.5
1254,58166746,0.5
1291,15374599,0.5
1415,70978451,0.5
692,13241430,0.5
1508,77374399,0.5
1918,12528340,0.5
692,76815287,0.5
1950,47463515,0.5
748,12351172,0.5
311,78267995,0.5
1728,63905847,0.5
191,72788511,0.5
1728,12778719,0.5
2118,24402870,0.5
389,78546477,0.5
2118,32415939,0.5
1530,64876405,0.5
191,18922684,0.5
145,77471364,0.5
951,41007380,0.5
1781,69934677,0.5
1140,37319042,0.5
1468,22550520,0.5
1119,32190958,0.5
302,60166971,0.5
1119,70818801,0.5
1291,79198223,0.5
302,28456059,0.5
1596,4455622,0.5
471,20612608,0.5
846,72413022,0.5
1119,35304276,0.5
389,41122424,0.5
1377,11991561,0.5
411,20635302,0.5
1827,72139190,0.5
692,43447464,0.5
191,71821771,0.5
792,11504595,0.5
1918,36293415,0.5
145,15932266,0.5
725,74780220,0.5
692,75624447,0.5
404,1986722,0.5
1415,71430761,0.5
231,11307544,0.5
1714,19643094,0.5
1819,55938929,0.5
2031,78810647,0.5
2068,35624999,0.5
1918,77750949,0.5
145,74892424,0.5
404,48924969,0.5
1468,8363328,0.5
411,24163160,0.5
1566,38764980,0.5
960,60874458,0.5
2031,10526740,0.5
561,21435815,0.5
1508,58705518,0.5
2169,1497269,0.5
1930,25225788,0.5
1291,1090284,0.5
191,51789484,0.5
1622,66883247,0.5
173,72532456,0.5
939,68455345,0.5
1407,81595559,0.5
1950,5993501,0.5
1338,16061362,0.5
1119,47060542,0.5
1468,15113417,0.5
561,50090370,0.5
914,61944406,0.5
121,24497505,0.5
404,46604576,0.5
1291,25154119,0.5
1379,53741504,0.5
1407,46202670,0.5
660,59090136,0.5
389,16615117,0.5
1468,48786024,0.5
1379,46549914,0.5
543,69061144,0.5
561,53902853,0.5
1017,21859852,0.5
1728,31953744,0.5
1596,47993372,0.5
692,32140316,0.5
1171,58867047,0.5
1407,55052483,0.5
191,67931578,0.5
1621,57076145,0.5
1918,45243679,0.5
1566,66149198,0.5
2031,19817,0.5
121,12538530,0.5
191,44752973,0.5
1119,9480216,0.5
117,74875278,0.5
727,49008969,0.5
1827,3292697,0.5
1827,5164612,0.5
113,11460312,0.5
748,27760296,0.5
1284,54223183,0.5
1415,75525170,0.5
117,31557364,0.5
1284,41385034,0.5
1379,48349333,0.5
1950,63989964,0.5
1377,52097159,0.5
1566,59183434,0.5
699,18486436,0.5
1201,10006589,0.5
1918,79291145,0.5
561,64489069,0.5
70,55114921,0.5
1119,41266653,0.5
914,70695058,0.5
966,63583004,0.5
1468,21930132,0.5
411,38737009,0.5
1201,41532020,0.5
212,68916791,0.5
1379,52187418,0.5
846,39293706,0.5
692,25585967,0.5
1827,20291058,0.5
1377,44915573,0.5
1918,39664562,0.5
561,64587755,0.5
311,47333556,0.5
2047,68177489,0.5
699,54516775,0.5
692,73072966,0.5
1950,56521204,0.5
561,61581699,0.5
1291,12763886,0.5
1530,48399063,0.5
686,54171510,0.5
692,53595614,0.5
1119,27008450,0.5
681,18910087,0.5
1672,76530794,0.5
231,66659762,0.5
1085,50770655,0.5
692,56618864,0.5
1415,47336771,0.5
70,53667484,0.5
846,38153537,0.5
1415,21589070,0.5
2050,7476757,0.5
411,5570842,0.5
1468,81623065,0.5
1415,76723342,0.5
725,13568041,0.5
1291,13963782,0.5
1291,45875584,0.5
1566,80150779,0.5
1119,81102344,0.5
692,37595576,0.5
302,48147578,0.5
692,23248789,0.5
692,4320017,0.5
692,64896216,0.5
1407,3897117,0.5
561,10881191,0.5
173,53134991,0.5
1605,81309721,0.5
411,17935130,0.5
1468,62284987,0.5
302,32531295,0.5
692,75312842,0.5
914,64219997,0.5
1605,58453593,0.5
1119,70721075,0.5
411,44488972,0.5
1566,17982172,0.5
1716,9617388,0.5
1847,70833167,0.5
1496,74141404,0.5
1017,124178,0.5
561,28891605,0.5
1215,22885765,0.5
960,38414534,0.5
191,67773468,0.5
692,34287036,0.5
2050,63349804,0.5
1254,22741680,0.5
1508,67395364,0.5
1749,59973742,0.5
846,81710694,0.5
432,73524962,0.5
727,64734432,0.5
1377,50753398,0.5
70,12688090,0.5
136,3195352,0.5
916,69646771,0.5
454,52342271,0.5
1291,31837166,0.5
1021,81089895,0.5
2013,17828290,0.5
516,63628113,0.5
1017,26091096,0.5
692,52612252,0.5
1468,55826985,0.5
1508,38233416,0.5
975,78906282,0.5
561,38933154,0.5
1291,31038512,0.5
2013,73101571,0.5
12,1138000,0.5
543,15750706,0.5
692,68215620,0.5
2048,49234654,0.5
1085,40543549,0.5
1940,53539925,0.5
191,19196829,0.5
12,12975976,0.5
561,54883894,0.5
164,57597165,0.5
411,58314990,0.5
1468,59051975,0.5
2048,79605786,0.5
748,65873468,0.5
1918,61749224,0.5
686,80618745,0.5
1950,13680920,0.5
302,46283316,0.5
2118,48195150,0.5
1468,76527848,0.5
1044,75737281,0.5
1119,5922040,0.5
529,29206255,0.5
1379,26457448,0.5
1254,70929758,0.5
1407,51660619,0.5
1468,64864892,0.5
692,36926323,0.5
212,31614338,0.5
1728,81082209,0.5
302,58744414,0.5
692,76630345,0.5
389,62287641,0.5
2216,38116473,0.5
1215,9637518,0.5
2048,1215762,0.5
914,66475186,0.5
1415,66409530,0.5
692,24665898,0.5
1415,24903423,0.5
914,17231670,0.5
2201,58816655,0.5
411,74005839,0.5
846,47918901,0.5
136,3841276,0.5
302,52453125,0.5
173,81427045,0.5
311,67375788,0.5
1254,33277643,0.5
792,79027266,0.5
692,53236533,0.5
1119,1556032,0.5
1017,67414096,0.5
692,65914387,0.5
2205,32202836,0.5
727,26050212,0.5
1415,63739611,0.5
1140,80715974,0.5
2050,54126626,0.5
1017,14406289,0.5
286,66015777,0.5
1023,25857286,0.5
1962,11776432,0.5
1966,52357202,0.5
977,96972,0.5
692,22924145,0.5
411,48048185,0.5
311,24522882,0.5
2031,4389390,0.5
613,78386497,0.5
2118,28314246,0.5
1468,21418589,0.5
1119,4200853,0.5
692,75975294,0.5
1468,70372930,0.5
1950,77066650,0.5
145,9815289,0.5
914,16913547,0.5
727,6596109,0.5
1530,80515294,0.5
1781,44966361,0.5
1017,27631109,0.5
2197,26144883,0.5
302,20476302,0.5
1566,398365,0.5
1119,27200237,0.5
191,13901444,0.5
1119,56415704,0.5
1379,56243565,0.5
1317,41135133,0.5
286,12155378,0.5
914,1446203,0.5
1291,19908044,0.5
519,68744611,0.5
1291,6866108,0.5
1566,77681561,0.5
1716,61183686,0.5
1415,44089523,0.5
1580,5416779,0.5
916,55194706,0.5
914,53669651,0.5
725,80841838,0.5
286,70599899,0.5
311,8506600,0.5
1375,1284153,0.5
1415,39792944,0.5
1530,70386543,0.5
2050,7710753,0.5
2031,58835750,0.5
1377,55771730,0.5
692,23114739,0.5
1291,39526003,0.5
1566,44487600,0.5
191,30534785,0.5
1017,55256996,0.5
914,77242729,0.5
411,6417918,0.5
1468,9750076,0.5
686,64364569,0.5
1530,24589057,0.5
411,65894728,0.5
432,3111713,0.5
286,62066373,0.5
1827,39631001,0.5
191,80505982,0.5
916,53532253,0.5
1605,51852722,0.5
1714,6373251,0.5
1714,14763137,0.5
70,15295956,0.5
18,29195378,0.5
74,69680058,0.5
2031,28035478,0.5
1605,17241824,0.5
1918,68333685,0.5
1230,39924813,0.5
692,73562855,0.5
692,44570516,0.5
411,44577617,0.5
914,61149714,0.5
686,72935531,0.5
2118,19813417,0.5
1483,41880812,0.5
191,50066552,0.5
977,8192248,0.5
1415,12863701,0.5
1496,69331908,0.5
1415,21372734,0.5
660,42523042,0.5
725,51466493,0.5
1596,49485443,0.5
1940,15968826,0.5
2050,29565225,0.5
2112,59293124,0.5
1379,44614100,0.5
543,75636551,0.5
686,32822824,0.5
411,5099187,0.5
1483,50609028,0.5
1407,5646727,0.5
1950,45498027,0.5
1468,22730404,0.5
1377,33869200,0.5
1415,67095121,0.5
206,52857128,0.5
1468,12959051,0.5
1749,6434126,0.5
205,53346165,0.5
1749,1138168,0.5
206,70951218,0.5
660,36202664,0.5
411,67699144,0.5
1284,10859428,0.5
173,37216620,0.5
1635,5479674,0.5
1215,43396581,0.5
191,73556469,0.5
1827,15056591,0.5
1023,40531455,0.5
117,9797829,0.5
1503,32661181,0.5
136,81738658,0.5
914,55788752,0.5
74,3882722,0.5
411,15851475,0.5
1468,37081007,0.5
191,25900859,0.5
1714,12823644,0.5
1635,26693927,0.5
529,46491165,0.5
1635,64241630,0.5
977,24468657,0.5
311,72502054,0.5
692,34107402,0.5
98,19780317,0.5
117,6230589,0.5
914,48883634,0.5
725,58508171,0.5
1622,39515771,0.5
1291,44315365,0.5
727,31194876,0.5
692,4621723,0.5
2031,74124686,0.5
1716,25181118,0.5
692,73276988,0.5
1119,54861444,0.5
136,40994843,0.5
2112,35921901,0.5
432,11229985,0.5
1291,67983192,0.5
1291,57411577,0.5
1119,5111258,0.5
389,45051854,0.5
1781,65995187,0.5
914,61734894,0.5
1291,48687647,0.5
1596,12623505,0.5
765,30279621,0.5
191,3080511,0.5
1635,42137898,0.5
191,78193744,0.5
846,52739194,0.5
1940,63912901,0.5
1119,27105719,0.5
543,71893401,0.5
725,36167792,0.5
1338,66904328,0.5
692,71366540,0.5
748,36056363,0.5
286,4321208,0.5
2013,81203263,0.5
2031,38054335,0.5
117,11484841,0.5
2154,10046901,0.5
1530,52052413,0.5
411,34748920,0.5
206,43311407,0.5
411,80097964,0.5
70,15234406,0.5
117,16805583,0.5
1377,39277771,0.5
1468,17588820,0.5
846,10859459,0.5
74,71759911,0.5
692,35977933,0.5
1230,53321718,0.5
725,55807344,0.5
411,54183557,0.5
1254,34816333,0.5
1317,30050453,0.5
1377,22891613,0.5
1940,19870205,0.5
1819,62417423,0.5
136,15040686,0.5
7,48767074,0.5
1407,5038887,0.5
1950,50789824,0.5
432,25355859,0.5
191,43259068,0.5
692,10924611,0.5
1781,51429600,0.5
725,55338826,0.5
1918,78037726,0.5
2050,30840129,0.5
699,61330750,0.5
1749,42811639,0.5
966,76330446,0.5
692,66825376,0.5
1407,32971619,0.5
173,70428098,0.5
692,42884873,0.5
70,62265707,0.5
173,18381918,0.5
2118,40688383,0.5
173,71751821,0.5
1468,34058427,0.5
411,18278861,0.5
699,73058581,0.5
543,7096630,0.5
1930,21704942,0.5
1918,74225801,0.5
2118,52441819,0.5
1119,45759239,0.5
2118,7772155,0.5
70,13607218,0.5
1930,79391562,0.5
1940,60732487,0.5
1503,17983616,0.5
561,8844051,0.5
1918,46838593,0.5
692,3996859,0.5
1415,35171000,0.5
2118,56972592,0.5
1291,46233414,0.5
1931,74048992,0.5
1950,61854886,0.5
2047,12699041,0.5
1749,13402051,0.5
853,43612198,0.5
1635,3402261,0.5
2044,7268542,0.5
1254,23037725,0.5
191,80422341,0.5
1468,73007274,0.5
7,77147345,0.5
1407,81093702,0.5
113,26140281,0.5
1530,12703659,0.5
671,11504593,0.5
699,36864016,0.5
302,3086967,0.5
914,1617853,0.5
1119,68296160,0.5
404,64528780,0.5
543,2513043,0.5
70,31796507,0.5
70,13100834,0.5
1530,17144572,0.5
1728,82474249,0.5
1119,21672567,0.5
191,43186579,0.5
404,26221782,0.5
846,19669665,0.5
173,51877385,0.5
70,74816157,0.5
1714,42879061,0.5
411,64577252,0.5
2031,28625748,0.5
914,51299811,0.5
1415,23818461,0.5
1201,15731053,0.5
692,10655071,0.5
404,4961907,0.5
191,79449802,0.5
369,127026,0.5
191,29059094,0.5
1918,56763201,0.5
1940,43355699,0.5
70,38974064,0.5
70,23309246,0.5
1605,53558295,0.5
2048,65074447,0.5
1468,82019723,0.5
1119,26698805,0.5
960,44280376,0.5
2050,67678558,0.5
1335,64277591,0.5
1215,75169776,0.5
389,63041467,0.5
177,41968942,0.5
2118,27496410,0.5
432,16347505,0.5
1415,27472103,0.5
692,3991631,0.5
404,79624640,0.5
389,67903321,0.5
692,40348197,0.5
117,55948007,0.5
647,19263950,0.5
748,30834327,0.5
1605,25144193,0.5
1918,3487333,0.5
113,29875405,0.5
1468,49593734,0.5
699,25465122,0.5
1468,249353,0.5
1827,12344039,0.5
932,26900601,0.5
2031,2081172,0.5
853,62911227,0.5
1605,16663113,0.5
1415,54153783,0.5
886,75433262,0.5
1468,34518796,0.5
272,72324790,0.5
692,70438453,0.5
70,57928859,0.5
411,65609776,0.5
692,74814848,0.5
1140,53616417,0.5
1407,75778826,0.5
692,58770743,0.5
692,79887098,0.5
692,75696273,0.5
2047,17720238,0.5
1483,14430174,0.5
136,12191564,0.5
136,6752167,0.5
1496,26491824,0.5
692,78841523,0.5
1503,36333712,0.5
2169,24936088,0.5
692,7584358,0.5
2118,62652189,0.5
1605,46999422,0.5
914,53477937,0.5
1201,39126620,0.5
70,35469902,0.5
1827,2557686,0.5
145,65390217,0.5
692,79487124,0.5
212,2507712,0.5
561,5619247,0.5
1291,59923238,0.5
1119,8693207,0.5
70,8961648,0.5
70,54738634,0.5
1925,82413842,0.5
1291,25776027,0.5
1119,58744159,0.5
1017,73125583,0.5
1468,68936918,0.5
725,65986775,0.5
692,19170994,0.5
302,45310153,0.5
1338,74926600,0.5
1379,21437044,0.5
411,12977780,0.5
1728,51152675,0.5
916,38343586,0.5
286,56942468,0.5
916,76832495,0.5
70,66162313,0.5
1918,15605391,0.5
1599,47043318,0.5
519,42191958,0.5
411,19637614,0.5
765,67121641,0.5
311,32376505,0.5
692,76485305,0.5
173,73166313,0.5
1215,74066907,0.5
1119,31366545,0.5
311,848163,0.5
1291,48113866,0.5
2118,7735586,0.5
173,8027872,0.5
177,47012368,0.5
1716,77811400,0.5
1317,25626328,0.5
1171,62451687,0.5
1119,26381651,0.5
1728,2991155,0.5
404,49278424,0.5
692,74815042,0.5
692,69672114,0.5
1119,24085183,0.5
1746,15402943,0.5
1605,20407608,0.5
1119,54519423,0.5
1918,6100476,0.5
960,44522402,0.5
1530,4860217,0.5
671,49103989,0.5
1338,66425004,0.5
692,41606920,0.5
411,53498961,0.5
1530,53091353,0.5
2031,16227737,0.5
1338,17850656,0.5
725,74467161,0.5
121,15218776,0.5
1605,49143589,0.5
1291,70849326,0.5
164,63899870,0.5
1605,29983031,0.5
1622,49929093,0.5
173,62851861,0.5
1468,80887115,0.5
1930,41675312,0.5
191,58019870,0.5
12,4986297,0.5
1483,58231951,0.5
748,38542689,0.5
1119,12134276,0.5
1566,15862253,0.5
692,38948041,0.5
1728,48012152,0.5
404,29638234,0.5
1819,55148403,0.5
1468,16076903,0.5
725,22502082,0.5
411,73158028,0.5
369,24691448,0.5
1415,71584350,0.5
1023,601046,0.5
302,13860676,0.5
1483,65540616,0.5
2031,1550628,0.5
624,7753880,0.5
725,41923839,0.5
1377,12874068,0.5
914,80190873,0.5
191,75140891,0.5
692,4423506,0.5
1291,24927205,0.5
389,58492800,0.5
70,48489096,0.5
1950,28630997,0.5
1201,21291570,0.5
1910,9357676,0.5
561,3795316,0.5
286,12585271,0.5
1119,21567412,0.5
1107,50363753,0.5
1904,9242289,0.5
389,2366741,0.5
561,52776645,0.5
1894,59483877,0.5
1749,78290477,0.5
1044,61107794,0.5
932,75669865,0.5
1291,19312689,0.5
727,68793851,0.5
1107,20699089,0.5
1622,607324,0.5
1918,54849592,0.5
1201,81888539,0.5
1605,15247751,0.5
302,12477931,0.5
1291,74185274,0.5
1415,31386788,0.5
561,43977559,0.5
1415,17903613,0.5
2048,67025599,0.5
1827,79096210,0.5
1940,33598638,0.5
389,57180374,0.5
1085,9502400,0.5
1841,46396639,0.5
725,54949414,0.5
2031,24971723,0.5
846,28080421,0.5
1119,17202508,0.5
1291,46083514,0.5
1317,65212502,0.5
2031,42031478,0.5
692,53857650,0.5
914,17906482,0.5
369,72667381,0.5
70,27834959,0.5
846,35878361,0.5
1468,79195605,0.5
1894,41183606,0.5
1277,77870412,0.5
404,79825401,0.5
136,36876533,0.5
113,9683684,0.5
561,40545868,0.5
1119,16851449,0.5
914,21130438,0.5
748,64706126,0.5
1728,77422466,0.5
1605,42199868,0.5
914,8554179,0.5
1940,62504248,0.5
1716,73927863,0.5
1483,62392265,0.5
966,27566322,0.5
561,68232315,0.5
1379,76443364,0.5
191,47868710,0.5
1291,7023932,0.5
613,17088604,0.5
916,58803537,0.5
1338,57592021,0.5
1119,9933035,0.5
1605,3050177,0.5
411,77081186,0.5
1483,12483059,0.5
1415,75285718,0.5
1415,81039472,0.5
191,49162974,0.5
660,30759373,0.5
1781,4177261,0.5
1415,66024107,0.5
1605,80783506,0.5
1119,59094369,0.5
1119,33582925,0.5
1819,80697258,0.5
411,19346246,0.5
117,63955220,0.5
1254,71368875,0.5
1407,3875226,0.5
191,30959887,0.5
1291,32809228,0.5
932,45617667,0.5
1407,25580607,0.5
1119,22770403,0.5
70,67398215,0.5
1027,59629848,0.5
1017,37568119,0.5
846,20068658,0.5
2031,10797799,0.5
1605,213647,0.5
173,67456329,0.5
1291,47023532,0.5
432,13477847,0.5
411,51734343,0.5
411,51303087,0.5
1566,36505387,0.5
1468,51226134,0.5
1119,37265693,0.5
1119,46243692,0.5
1728,6085486,0.5
966,80193514,0.5
272,22980761,0.5
191,36495097,0.5
1957,15499542,0.5
411,35386776,0.5
1728,30260345,0.5
174,72775093,0.5
692,18272526,0.5
1728,44688395,0.5
1119,68227211,0.5
336,49364132,0.5
914,74499307,0.5
1468,64112933,0.5
916,20047938,0.5
389,33628196,0.5
613,56601222,0.5
1119,35834042,0.5
1605,78699267,0.5
914,20504849,0.5
1201,67233533,0.5
1530,45221562,0.5
1468,62649280,0.5
1468,70779775,0.5
12,10565681,0.5
1566,41578888,0.5
1596,45514874,0.5
914,44840997,0.5
916,79342177,0.5
70,1576631,0.5
411,76551180,0.5
1622,61784591,0.5
960,75101383,0.5
302,52769384,0.5
1291,78246530,0.5
411,46274290,0.5
7,49982093,0.5
70,34500948,0.5
960,51622151,0.5
1530,82177861,0.5
411,46327869,0.5
1566,55178318,0.5
1468,13680861,0.5
1375,57489228,0.5
1530,78875847,0.5
1415,70360729,0.5
191,4271852,0.5
692,46111605,0.5
2013,23715561,0.5
846,55738399,0.5
206,52109705,0.5
765,34209077,0.5
1918,25709094,0.5
2031,72922890,0.5
1377,56203365,0.5
411,5720414,0.5
432,5777189,0.5
1119,36625032,0.5
681,42989911,0.5
1119,77961128,0.5
1338,10502804,0.5
1379,4802972,0.5
1119,47879233,0.5
136,81868561,0.5
1918,37344108,0.5
2044,15810933,0.5
1291,62952751,0.5
765,80751889,0.5
1119,14314224,0.5
1566,217531,0.5
1596,47364098,0.5
70,29679175,0.5
1918,3077883,0.5
212,18225548,0.5
692,30176012,0.5
1622,73347965,0.5
206,65980324,0.5
692,50491731,0.5
2013,50943507,0.5
1827,49118673,0.5
177,4529778,0.5
117,21876408,0.5
1338,68771235,0.5
286,76599634,0.5
748,73803175,0.5
916,33118042,0.5
1044,78969743,0.5
411,17616653,0.5
2031,56612867,0.5
1918,71846227,0.5
231,10640736,0.5
1377,4445401,0.5
1496,19181833,0.5
1566,26178214,0.5
1950,28914360,0.5
411,61753977,0.5
1119,24953813,0.5
692,51167499,0.5
231,72665980,0.5
136,75312346,0.5
2196,51312956,0.5
1377,2884941,0.5
1672,21640454,0.5
966,51261904,0.5
561,74454726,0.5
692,28691858,0.5
1530,73222942,0.5
692,3307097,0.5
1415,8613889,0.5
1201,16058386,0.5
2118,18930770,0.5
1827,20562322,0.5
1415,17611012,0.5
1827,32713901,0.5
1918,78264689,0.5
1379,76456009,0.5
411,24740810,0.5
191,67111387,0.5
1230,9724860,0.5
1605,9585389,0.5
117,4666326,0.5
688,875744,0.5
2169,38094039,0.5
7,77543399,0.5
1790,18505477,0.5
1291,25392179,0.5
1119,60616262,0.5
1918,70148180,0.5
2205,62185060,0.5
117,23360630,0.5
191,17358503,0.5
1749,52445143,0.5
1894,22040974,0.5
1728,82518240,0.5
302,59423027,0.5
1291,52099435,0.5
369,43792710,0.5
206,27479177,0.5
411,15262390,0.5
1622,47437882,0.5
914,71965833,0.5
411,26011764,0.5
411,20660678,0.5
272,68857313,0.5
1468,41013223,0.5
2205,5035986,0.5
846,53782747,0.5
2112,19361145,0.5
369,58670179,0.5
1468,25285052,0.5
1044,5438345,0.5
231,7008460,0.5
2013,54188102,0.5
1027,74446128,0.5
1931,37489528,0.5
302,47847612,0.5
1468,65169774,0.5
411,76386346,0.5
404,19537085,0.5
1468,63422056,0.5
692,11708100,0.5
369,18228999,0.5
1842,51293922,0.5
1119,79835994,0.5
1940,29642030,0.5
1140,22097032,0.5
136,35553047,0.5
1338,22654179,0.5
561,7553279,0.5
1415,12053690,0.5
1375,71645664,0.5
411,57965347,0.5
1291,30494487,0.5
389,24021808,0.5
1950,13712268,0.5
173,29437413,0.5
1842,46847119,0.5
86,2609801,0.5
1918,8385595,0.5
692,80390903,0.5
70,55389848,0.5
302,45588910,0.5
1107,54892631,0.5
389,76264374,0.5
450,32213096,0.5
311,37995544,0.5
1871,52021229,0.5
1119,22629032,0.5
311,41257254,0.5
369,57921186,0.5
1107,64600322,0.5
1483,48016968,0.5
692,60569772,0.5
2013,17608546,0.5
1749,54055179,0.5
191,35071780,0.5
914,13246127,0.5
748,69511909,0.5
1622,6375470,0.5
1950,12285533,0.5
692,29281407,0.5
1714,54035959,0.5
1415,64431480,0.5
1605,77473,0.5
411,29559045,0.5
1672,31426736,0.5
916,79425696,0.5
145,37354600,0.5
404,17721363,0.5
1140,1053852,0.5
113,74571519,0.5
1379,41855508,0.5
692,81975188,0.5
173,77539208,0.5
1449,47861168,0.5
966,46686741,0.5
420,49665929,0.5
1107,79230287,0.5
2201,33982862,0.5
1918,28093866,0.5
692,44546673,0.5
1291,11304566,0.5
231,31191928,0.5
914,11669630,0.5
1827,17089500,0.5
699,68307416,0.5
191,35390384,0.5
1107,54724127,0.5
411,8858710,0.5
1966,78283423,0.5
1201,69834699,0.5
191,71319872,0.5
692,39401384,0.5
206,42099447,0.5
692,56534118,0.5
212,43014098,0.5
18,42915328,0.5
916,24369917,0.5
1728,40902684,0.5
1379,72219325,0.5
846,26084574,0.5
692,73355967,0.5
1119,46024865,0.5
914,35248535,0.5
1918,7062142,0.5
1119,41187786,0.5
1449,34828787,0.5
206,34088573,0.5
561,29018759,0.5
136,77527841,0.5
1201,25474257,0.5
1746,25598944,0.5
136,59859609,0.5
411,72607237,0.5
1277,6424131,0.5
692,43299499,0.5
2205,60144442,0.5
1596,76122669,0.5
389,38328094,0.5
1415,6860367,0.5
1468,75448921,0.5
1468,66214874,0.5
1468,2076146,0.5
2013,68197754,0.5
1918,37489417,0.5
1566,54327408,0.5
432,26659967,0.5
1566,29291415,0.5
561,5630706,0.5
191,5479665,0.5
136,52983724,0.5
1119,59911872,0.5
792,52060612,0.5
561,72178702,0.5
1940,42736246,0.5
70,26038764,0.5
231,23533436,0.5
389,73198517,0.5
914,54861006,0.5
543,71935349,0.5
369,58601553,0.5
432,8471095,0.5
914,2721894,0.5
136,76404274,0.5
369,30518210,0.5
1918,52915894,0.5
846,52856456,0.5
692,34589408,0.5
1605,75451487,0.5
117,66186834,0.5
681,81748065,0.5
846,1882590,0.5
70,17577286,0.5
302,70139857,0.5
286,82112530,0.5
117,76995078,0.5
1415,46005811,0.5
1377,52316676,0.5
1291,2743250,0.5
914,9065401,0.5
311,62365883,0.5
699,44282065,0.5
389,6656218,0.5
1483,67876820,0.5
2118,10375031,0.5
191,29663898,0.5
411,26521792,0.5
939,16374854,0.5
369,21932339,0.5
136,9206027,0.5
692,7293343,0.5
1291,56145252,0.5
1827,5102450,0.5
432,29941645,0.5
1119,57463097,0.5
1182,76124342,0.5
561,58623297,0.5
1728,35028892,0.5
692,25483066,0.5
2201,48020237,0.5
692,65966096,0.5
1202,53119802,0.5
699,72167513,0.5
2031,62117757,0.5
1918,46803299,0.5
136,52393944,0.5
12,44784714,0.5
1468,22307706,0.5
1716,64573741,0.5
212,18737942,0.5
2031,17957231,0.5
1950,28887183,0.5
1950,62073983,0.5
7,72768329,0.5
1605,27850802,0.5
1379,20272073,0.5
450,67423757,0.5
411,75589076,0.5
1254,48790437,0.5
1291,46513793,0.5
389,34952479,0.5
1716,15999570,0.5
1728,43420648,0.5
1950,76823510,0.5
2216,55668692,0.5
1415,49835823,0.5
70,13290341,0.5
846,50346484,0.5
177,78134496,0.5
966,18731059,0.5
117,74584493,0.5
1119,24915044,0.5
1379,20718042,0.5
70,78683218,0.5
1918,27845536,0.5
404,37033776,0.5
692,6567024,0.5
369,63272528,0.5
692,15878728,0.5
1468,27022214,0.5
411,32601911,0.5
561,6987352,0.5
231,14733324,0.5
1021,64801776,0.5
411,59085255,0.5
1415,62654212,0.5
846,48216878,0.5
117,28711860,0.5
173,2424365,0.5
960,37623338,0.5
1841,48153366,0.5
1566,71156930,0.5
2050,28868374,0.5
1284,3968611,0.5
561,15337948,0.5
875,6923012,0.5
1622,64983840,0.5
1714,63035874,0.5
136,3168559,0.5
454,63417452,0.5
1379,15970042,0.5
2050,40096301,0.5
1508,75391620,0.5
692,30945622,0.5
561,4119399,0.5
70,2813462,0.5
1119,53114545,0.5
12,25821587,0.5
838,1821691,0.5
1918,66488352,0.5
613,14868024,0.5
561,5494404,0.5
1622,66969029,0.5
692,35670549,0.5
914,12613386,0.5
1530,67426785,0.5
1140,51725080,0.5
966,65761209,0.5
561,53620797,0.5
1291,64425171,0.5
1317,36326658,0.5
561,505262,0.5
136,47456658,0.5
117,12882669,0.5
1605,62890575,0.5
1950,80989841,0.5
1566,42035441,0.5
1930,40392482,0.5
191,31157277,0.5
1918,64968679,0.5
1415,46765213,0.5
529,68072326,0.5
231,77740585,0.5
692,59670611,0.5
1119,13354809,0.5
1017,51415072,0.5
846,53233904,0.5
389,54222024,0.5
1596,7474358,0.5
389,3098165,0.5
1021,39665831,0.5
692,40334841,0.5
2118,40018660,0.5
1182,8013475,0.5
1605,3251875,0.5
1119,57700263,0.5
1377,52783200,0.5
914,28308128,0.5
1379,39936104,0.5
1375,6013593,0.5
692,51661397,0.5
727,19445279,0.5
914,56388497,0.5
561,56771141,0.5
1375,70199614,0.5
1728,40108698,0.5
561,38396548,0.5
561,23651859,0.5
1827,39447978,0.5
174,6731491,0.5
2013,68609331,0.5
1291,31016733,0.5
1254,59294883,0.5
231,63236627,0.5
389,47779776,0.5
2044,50271485,0.5
471,67691651,0.5
1566,47582658,0.5
411,71596597,0.5
846,68292536,0.5
1407,36372644,0.5
692,9766243,0.5
1910,39562742,0.5
471,68138515,0.5
1119,21783599,0.5
191,82173067,0.5
1017,69081712,0.5
966,77774833,0.5
692,21626427,0.5
1171,22584773,0.5
2013,33551379,0.5
1991,61643306,0.5
302,78213002,0.5
838,4402498,0.5
1119,10897455,0.5
173,11766585,0.5
960,63169515,0.5
369,8302303,0.5
136,59088213,0.5
699,32289905,0.5
1918,42324279,0.5
660,32174317,0.5
174,62203584,0.5
2031,5856693,0.5
191,71688036,0.5
1716,58164173,0.5
1119,31601581,0.5
692,80602,0.5
1017,46784111,0.5
1021,63150663,0.5
2054,19641874,0.5
302,79361078,0.5
311,51639198,0.5
302,9591848,0.5
660,70017062,0.5
1508,32703098,0.5
692,59676888,0.5
692,49276012,0.5
136,65267120,0.5
692,64416589,0.5
692,74247994,0.5
1415,55456867,0.5
117,43792828,0.5
1468,56046501,0.5
894,33009987,0.5
436,62935214,0.5
692,39375927,0.5
1483,30499092,0.5
2118,30689535,0.5
692,6907393,0.5
302,41130560,0.5
389,17287089,0.5
914,50324276,0.5
302,6148808,0.5
164,67197889,0.5
792,44156335,0.5
1254,63782865,0.5
914,31594174,0.5
1605,72542417,0.5
70,39295001,0.5
389,57635323,0.5
916,34841129,0.5
311,52556991,0.5
191,35588941,0.5
70,14421230,0.5
543,13433809,0.5
1749,73709879,0.5
939,11673142,0.5
2118,62231560,0.5
1596,17902296,0.5
1338,31675465,0.5
2048,49457929,0.5
1171,59415070,0.5
404,2412062,0.5
932,44194513,0.5
1566,28935067,0.5
1918,28719715,0.5
1871,46348753,0.5
1781,2718973,0.5
1254,25131822,0.5
1566,8947276,0.5
1023,20685036,0.5
117,52803310,0.5
411,41831149,0.5
1119,41251804,0.5
311,21929196,0.5
1925,4232114,0.5
1918,60088652,0.5
70,73639819,0.5
1415,51964872,0.5
1566,64124523,0.5
1291,75952177,0.5
519,76232997,0.5
411,67169397,0.5
1119,59068832,0.5
1605,73204430,0.5
2050,17716679,0.5
1140,73936744,0.5
1596,3877022,0.5
846,57658219,0.5
1566,3493643,0.5
2118,62381964,0.5
454,4125878,0.5
561,24974607,0.5
2031,30854156,0.5
411,60264,0.5
432,46692252,0.5
1622,24986179,0.5
1918,10566103,0.5
411,33973115,0.5
411,13255737,0.5
1407,36053666,0.5
1508,55846990,0.5
1847,60243462,0.5
1918,36139281,0.5
966,50123661,0.5
1566,47579470,0.5
1338,29267927,0.5
1027,72501508,0.5
411,60313486,0.5
1716,58036291,0.5
1291,10015675,0.5
1291,28506143,0.5
2048,26514804,0.5
121,2124144,0.5
454,49054890,0.5
2048,23975967,0.5
1918,22814226,0.5
725,28093075,0.5
1483,22483141,0.5
311,78148294,0.5
2044,72502288,0.5
1407,11000788,0.5
692,16244716,0.5
1254,29093542,0.5
369,75210954,0.5
117,48899121,0.5
975,24203021,0.5
1749,21795077,0.5
70,49055484,0.5
1379,56634813,0.5
432,68512458,0.5
2201,15894246,0.5
1107,49085584,0.5
1375,29098533,0.5
1966,4215364,0.5
1496,28051279,0.5
1254,46800708,0.5
1930,11017405,0.5
1605,38719466,0.5
70,38578121,0.5
164,62376389,0.5
2013,47359033,0.5
1119,28606426,0.5
1119,45697332,0.5
286,68574838,0.5
1254,19971491,0.5
1338,59014199,0.5
966,29311485,0.5
2050,30061400,0.5
411,55491046,0.5
692,63950760,0.5
1950,2875598,0.5
692,64440213,0.5
1379,47517501,0.5
1827,57357903,0.5
561,60455935,0.5
692,38373897,0.5
543,60919740,0.5
1377,66396294,0.5
117,34830607,0.5
624,31269672,0.5
2048,19819791,0.5
1119,2637971,0.5
692,28060651,0.5
1377,30204693,0.5
916,29738241,0.5
231,53816264,0.5
1338,21192241,0.5
1962,18535591,0.5
692,32426005,0.5
1044,75321386,0.5
191,66611640,0.5
1017,20629601,0.5
411,56615999,0.5
660,73388378,0.5
692,80188566,0.5
1950,29444087,0.5
1827,59559153,0.5
727,26928069,0.5
1566,73051602,0.5
432,77742827,0.5
2169,33435195,0.5
411,25951622,0.5
1672,48579431,0.5
1407,70136767,0.5
1468,49272287,0.5
1714,67297024,0.5
686,1413233,0.5
2201,9666470,0.5
1904,51748687,0.5
136,66296936,0.5
692,23641395,0.5
302,63545856,0.5
1827,70305260,0.5
1119,59794744,0.5
1950,51506575,0.5
692,22406356,0.5
389,60864251,0.5
914,60497437,0.5
1107,42302692,0.5
916,18669027,0.5
404,42199519,0.5
1023,64266000,0.5
1277,37074071,0.5
1119,46204082,0.5
1530,2680995,0.5
191,28032821,0.5
692,10995038,0.5
1254,76793962,0.5
1171,41971139,0.5
1377,5461539,0.5
1291,36107525,0.5
206,78703732,0.5
2118,55522650,0.5
389,27777517,0.5
792,81724433,0.5
853,835933,0.5
389,19048997,0.5
98,4288334,0.5
727,60734333,0.5
692,50902,0.5
1508,19913037,0.5
1119,60399181,0.5
174,51162548,0.5
1415,45953942,0.5
1530,14351780,0.5
1468,45409027,0.5
1317,19895468,0.5
1017,52792898,0.5
1215,48938342,0.5
1017,75562836,0.5
173,48352881,0.5
231,24790327,0.5
1918,78079909,0.5
191,33860990,0.5
1429,32773568,0.5
543,68492866,0.5
1714,46854914,0.5
2048,63975389,0.5
1749,81026762,0.5
1749,59959347,0.5
191,18876773,0.5
1918,9843994,0.5
1377,28752136,0.5
1827,77200605,0.5
1728,47979619,0.5
311,42228111,0.5
1415,47627308,0.5
519,27622798,0.5
98,56044591,0.5
914,40471444,0.5
1468,19014845,0.5
543,4001956,0.5
1415,1981878,0.5
1468,24477893,0.5
1291,48797120,0.5
191,4135132,0.5
117,57931165,0.5
1827,15185712,0.5
1749,22950832,0.5
311,5116540,0.5
1566,79245,0.5
1716,62794688,0.5
1119,63871853,0.5
1468,20813111,0.5
1317,64251259,0.5
74,80342616,0.5
2031,5711167,0.5
2118,33521642,0.5
1596,42958872,0.5
1449,52901804,0.5
1918,67760853,0.5
2013,54558864,0.5
432,49438874,0.5
1468,21786461,0.5
1230,82209904,0.5
692,57855088,0.5
411,18692018,0.5
2050,30030037,0.5
70,67616512,0.5
1468,23387215,0.5
1468,81998731,0.5
369,70899439,0.5
1566,16825423,0.5
692,63645860,0.5
692,21854199,0.5
1415,33171909,0.5
846,1041006,0.5
765,41865593,0.5
1566,24925487,0.5
692,56695164,0.5
853,30633343,0.5
2196,64636309,0.5
1596,37984220,0.5
74,70213281,0.5
1317,59036831,0.5
1991,6628018,0.5
2216,70374999,0.5
561,66981110,0.5
1918,3721073,0.5
2201,6571317,0.5
411,63904802,0.5
966,75831958,0.5
966,11265950,0.5
1415,39511591,0.5
613,36034955,0.5
1119,65643844,0.5
1605,37224239,0.5
1119,75131191,0.5
404,35937084,0.5
561,5023348,0.5
561,24311961,0.5
543,43380245,0.5
74,60081958,0.5
404,16809696,0.5
699,21835674,0.5
191,39960070,0.5
2013,20360871,0.5
1202,77273892,0.5
1379,48080902,0.5
191,23527682,0.5
1918,80907698,0.5
1291,16255708,0.5
2050,71036941,0.5
1728,46161833,0.5
966,41630371,0.5
2013,23642378,0.5
1317,62446492,0.5
1379,76252023,0.5
1827,19192612,0.5
1714,39482929,0.5
692,12136354,0.5
1291,36861379,0.5
748,15538535,0.5
1580,3946293,0.5
1119,49437262,0.5
191,43369663,0.5
894,72924719,0.5
136,39847387,0.5
1140,43721066,0.5
748,39141181,0.5
765,77863893,0.5
1379,8005641,0.5
70,78973424,0.5
846,43542683,0.5
2031,56426580,0.5
411,25230897,0.5
1119,26314031,0.5
1910,76764071,0.5
1119,8969199,0.5
1819,29120537,0.5
1621,60164792,0.5
1407,75856157,0.5
2118,50025905,0.5
1119,36865715,0.5
136,66992127,0.5
624,63610064,0.5
692,52011057,0.5
692,18550216,0.5
1379,3709498,0.5
1827,16819326,0.5
1910,22342382,0.5
914,47024954,0.5
1202,24391814,0.5
1379,45632608,0.5
692,8688645,0.5
692,21501487,0.5
1918,58337988,0.5
2013,53701997,0.5
191,79399510,0.5
1728,9128305,0.5
1119,69202074,0.5
1596,20222676,0.5
916,60998185,0.5
692,42558569,0.5
1119,51465124,0.5
1377,18095201,0.5
191,57961306,0.5
1950,76269831,0.5
1950,23559184,0.5
846,73457997,0.5
145,27328508,0.5
1468,33491646,0.5
846,31694859,0.5
191,13259293,0.5
692,33223838,0.5
136,41969915,0.5
960,67872620,0.5
1338,252226,0.5
1119,33125307,0.5
2013,4243965,0.5
2118,57331709,0.5
70,39793757,0.5
1621,36442847,0.5
7,74219692,0.5
692,72476828,0.5
914,31403935,0.5
1749,42247125,0.5
2013,38380708,0.5
1605,17847922,0.5
1950,36061119,0.5
2196,78861377,0.5
1254,6442949,0.5
1415,22383929,0.5
6,32579088,0.5
1596,41775897,0.5
1918,28060419,0.5
1605,30315327,0.5
914,28673145,0.5
411,70940477,0.5
231,47456623,0.5
1530,41451435,0.5
846,71303754,0.5
411,26667557,0.5
1379,11482315,0.5
1291,2432359,0.5
671,62877624,0.5
2031,21029883,0.5
231,32929617,0.5
411,64569361,0.5
311,20644270,0.5
1119,49417455,0.5
1468,47812717,0.5
1415,21737315,0.5
914,61120841,0.5
2031,5785639,0.5
561,13814130,0.5
1566,5216845,0.5
1566,51267608,0.5
212,63966482,0.5
1017,17212898,0.5
1781,56141486,0.5
692,53654199,0.5
1918,41707807,0.5
1621,49264881,0.5
389,24984355,0.5
1596,44267918,0.5
173,55187431,0.5
1605,8594685,0.5
543,22173790,0.5
1107,4943677,0.5
411,38398264,0.5
1017,29384389,0.5
1379,24058886,0.5
2118,57906576,0.5
1827,49106871,0.5
1622,21454795,0.5
117,3861973,0.5
1468,24055463,0.5
1566,44829385,0.5
2054,44312654,0.5
1635,15825010,0.5
914,27036566,0.5
1841,25610386,0.5
692,37595887,0.5
174,67674109,0.5
1291,61723391,0.5
1291,39704912,0.5
1119,52258967,0.5
853,70128984,0.5
1119,35627570,0.5
70,45724560,0.5
1291,67962112,0.5
1605,49979409,0.5
1596,12676472,0.5
389,31548585,0.5
389,139818,0.5
1950,16191073,0.5
1254,35797868,0.5
561,67062103,0.5
1379,9085051,0.5
404,76335299,0.5
191,41381459,0.5
2118,52598359,0.5
1291,58744938,0.5
1407,71087699,0.5
302,51669474,0.5
1827,16541750,0.5
1415,72301339,0.5
1377,28258077,0.5
2013,46732162,0.5
173,79255805,0.5
1119,7216927,0.5
1254,7242083,0.5
389,24610077,0.5
1468,41567572,0.5
692,55111028,0.5
2118,15485416,0.5
74,38788374,0.5
1377,3691030,0.5
914,35398774,0.5
117,27668153,0.5
1284,58461255,0.5
1377,24921440,0.5
692,79516425,0.5
916,66834212,0.5
561,14898768,0.5
1468,66757704,0.5
411,68309648,0.5
561,40058600,0.5
516,67851366,0.5
1580,67699455,0.5
1119,56457509,0.5
1415,74048985,0.5
914,49777039,0.5
1291,72162998,0.5
1119,10071475,0.5
1119,34890519,0.5
1827,45353457,0.5
1931,69748775,0.5
1377,49914792,0.5
1635,6055123,0.5
1291,65350874,0.5
420,13701624,0.5
765,7757011,0.5
1119,81279992,0.5
2054,41704622,0.5
302,17682899,0.5
432,80620006,0.5
136,4777973,0.5
1317,11139746,0.5
1407,73385450,0.5
1468,69329644,0.5
1415,54565069,0.5
1119,24042775,0.5
117,22871834,0.5
1671,18364465,0.5
692,36785767,0.5
916,7694483,0.5
916,41308799,0.5
543,14915468,0.5
1119,33007062,0.5
1140,26663149,0.5
1017,63794682,0.5
117,14388059,0.5
561,22187591,0.5
1017,41047714,0.5
561,17937036,0.5
1918,48823762,0.5
932,6896404,0.5
432,24214461,0.5
2013,54657233,0.5
1599,40612967,0.5
98,13800145,0.5
1483,34827721,0.5
1918,26438094,0.5
561,8668431,0.5
1468,76907007,0.5
1317,58842607,0.5
191,78516877,0.5
191,44442091,0.5
846,78929134,0.5
74,72406519,0.5
164,10603805,0.5
212,49047675,0.5
1023,3687456,0.5
1119,70816025,0.5
1827,8151700,0.5
966,52839694,0.5
692,79222405,0.5
1496,60078178,0.5
1468,12716192,0.5
1950,82542612,0.5
411,23260800,0.5
1119,70908385,0.5
916,57492016,0.5
1918,70466084,0.5
1918,8828493,0.5
692,29789292,0.5
692,68498997,0.5
1468,38033120,0.5
411,56323412,0.5
561,65618905,0.5
692,21384793,0.5
1140,36334746,0.5
1377,58049990,0.5
529,50407055,0.5
543,18446745,0.5
1379,68048146,0.5
369,14018578,0.5
1338,48888802,0.5
765,45693879,0.5
613,422914,0.5
966,35541384,0.5
70,38138846,0.5
2068,33770056,0.5
454,8295227,0.5
2013,72409680,0.5
1119,49255202,0.5
727,38966894,0.5
411,46603654,0.5
1415,70035573,0.5
543,23744582,0.5
454,40219589,0.5
1566,75225168,0.5
792,61909774,0.5
1931,42248683,0.5
624,50548103,0.5
174,54651959,0.5
1057,63599582,0.5
951,18554782,0.5
1605,24503933,0.5
692,31258084,0.5
1950,58116007,0.5
1201,63917884,0.5
1119,75464457,0.5
1918,62380665,0.5
1291,75966123,0.5
1379,1853676,0.5
432,30918560,0.5
1566,52798990,0.5
411,45963285,0.5
313,5858746,0.5
2196,48954545,0.5
1468,27737894,0.5
1918,19000016,0.5
1508,13030236,0.5
966,27489825,0.5
1827,11633554,0.5
1254,42860124,0.5
7,44989868,0.5
1119,7743278,0.5
1483,9445639,0.5
1503,18914302,0.5
1950,37733644,0.5
914,9213555,0.5
411,78460186,0.5
692,1851060,0.5
174,43951494,0.5
2201,24492018,0.5
212,23245851,0.5
389,1611485,0.5
1057,77898567,0.5
1021,54654231,0.5
765,39911159,0.5
136,42094402,0.5
853,77156458,0.5
1254,58880713,0.5
432,46908112,0.5
1379,33514501,0.5
1714,48585528,0.5
74,62935938,0.5
2118,30979863,0.5
916,61524760,0.5
1918,37702860,0.5
136,31112283,0.5
1871,27358109,0.5
70,56764476,0.5
212,69139518,0.5
12,13045961,0.5
886,3646161,0.5
70,60394996,0.5
692,60677787,0.5
173,16842363,0.5
1962,35134105,0.5
975,3969799,0.5
191,12154600,0.5
74,42061511,0.5
411,43675304,0.5
1950,34731129,0.5
191,70424419,0.5
692,8041833,0.5
74,11679654,0.5
1351,18141071,0.5
1407,78542457,0.5
1918,67100540,0.5
369,9352654,0.5
1119,52775500,0.5
543,1207305,0.5
1291,64457439,0.5
136,20989807,0.5
302,40280880,0.5
1291,57846124,0.5
1728,57896563,0.5
1119,66580900,0.5
2047,4883533,0.5
966,45272554,0.5
177,16777470,0.5
1119,46376549,0.5
966,59588736,0.5
369,73343532,0.5
519,48010234,0.5
174,43088574,0.5
206,11983944,0.5
1119,56439198,0.5
1728,44334660,0.5
2044,49240725,0.5
1622,73766987,0.5
1827,46821581,0.5
1605,32936251,0.5
420,40035558,0.5
136,70127070,0.5
561,34976638,0.5
2118,66364952,0.5
1254,47974439,0.5
543,37978881,0.5
1291,45218842,0.5
977,58171714,0.5
1468,30534948,0.5
1622,4674703,0.5
1119,1852467,0.5
1415,60650688,0.5
914,2558275,0.5
1407,70679059,0.5
411,21558476,0.5
1291,54448110,0.5
681,74131818,0.5
302,48577477,0.5
1407,12162063,0.5
692,10842845,0.5
1215,45172324,0.5
1377,39471489,0.5
853,60517389,0.5
966,64034128,0.5
1904,26101218,0.5
966,75488064,0.5
1605,20259182,0.5
561,51668918,0.5
302,53572865,0.5
1119,66884783,0.5
121,8530779,0.5
1605,1608015,0.5
1284,82084963,0.5
2047,5208766,0.5
1530,54664810,0.5
336,79410932,0.5
1503,27020995,0.5
914,57986688,0.5
727,20191372,0.5
692,11001957,0.5
1605,60933549,0.5
369,72141296,0.5
1841,38861401,0.5
1202,74637371,0.5
846,70931309,0.5
2048,15072996,0.5
2031,65765909,0.5
136,25534518,0.5
1254,76492535,0.5
1468,79062595,0.5
411,53983091,0.5
1254,31212590,0.5
117,17537720,0.5
1496,41005170,0.5
519,72908059,0.5
1379,76231792,0.5
529,56176200,0.5
1716,82222665,0.5
2031,44322820,0.5
411,34542313,0.5
177,25268457,0.5
1468,26390443,0.5
1781,32615803,0.5
1379,25494445,0.5
1871,54332687,0.5
1338,62629629,0.5
1918,60568931,0.5
2118,24172820,0.5
1119,71678726,0.5
286,28430046,0.5
686,22886274,0.5
916,62582100,0.5
206,78736396,0.5
1991,7397594,0.5
1622,52084812,0.5
1468,66253963,0.5
2112,31477515,0.5
914,788676,0.5
411,11869404,0.5
2048,80757667,0.5
191,70766124,0.5
1291,40227778,0.5
1566,24339293,0.5
561,67768551,0.5
70,49677591,0.5
692,76237294,0.5
1017,3864168,0.5
792,77576831,0.5
1291,32639020,0.5
1468,19876745,0.5
1621,43294193,0.5
2050,49855450,0.5
1415,75457547,0.5
1415,30274280,0.5
1377,935795,0.5
411,23659308,0.5
543,61007996,0.5
932,79790607,0.5
1716,51235448,0.5
1021,5578283,0.5
117,48665812,0.5
1596,5598980,0.5
966,48028060,0.5
2031,27220785,0.5
117,29060729,0.5
699,18631456,0.5
1530,10328800,0.5
727,61956590,0.5
311,80003166,0.5
561,8562850,0.5
1468,67390649,0.5
1781,6569176,0.5
1580,32081175,0.5
1407,75866518,0.5
692,4663058,0.5
70,77026904,0.5
411,28779497,0.5
411,20192457,0.5
886,32316719,0.5
231,20490793,0.5
561,53391660,0.5
1728,48203933,0.5
838,10757908,0.5
1379,31581395,0.5
692,34307299,0.5
286,41221513,0.5
1931,14996042,0.5
1605,63082718,0.5
1566,6295337,0.5
692,8627975,0.5
692,54942324,0.5
1379,40989504,0.5
70,71275562,0.5
432,9637221,0.5
1379,40870182,0.5
1291,64722608,0.5
1605,25847716,0.5
1379,54102213,0.5
1781,79040400,0.5
1468,57133011,0.5
1483,58046305,0.5
1894,53066404,0.5
1291,59855029,0.5
136,32890876,0.5
2205,16454323,0.5
1918,64196204,0.5
1904,5591909,0.5
1407,51335647,0.5
1827,41999398,0.5
1530,24914744,0.5
1468,20775517,0.5
543,63317363,0.5
916,71983916,0.5
914,25150336,0.5
1377,56705955,0.5
404,3043713,0.5
543,48837026,0.5
1672,67508450,0.5
1407,60528555,0.5
1201,45484535,0.5
561,39902524,0.5
1940,67351260,0.5
1119,62153201,0.5
692,34882174,0.5
1291,34197166,0.5
1671,31566644,0.5
647,13914502,0.5
1407,46476350,0.5
1918,56757082,0.5
173,2205603,0.5
1468,73754477,0.5
1508,27402021,0.5
692,47350830,0.5
2013,19952512,0.5
1918,63680942,0.5
70,17469140,0.5
1379,33558008,0.5
1596,59444044,0.5
191,14902339,0.5
660,62778189,0.5
1918,39235474,0.5
1468,13223749,0.5
2013,52735666,0.5
145,1133169,0.5
1950,72279442,0.5
1119,22741632,0.5
191,36493712,0.5
916,59003721,0.5
1716,11933173,0.5
1377,66815700,0.5
966,26058430,0.5
2013,54277408,0.5
846,67392167,0.5
411,81359056,0.5
420,43009412,0.5
2050,57144164,0.5
692,33643712,0.5
692,30710979,0.5
454,7819241,0.5
1605,34488959,0.5
1379,62155533,0.5
1254,60366952,0.5
1415,59325069,0.5
1728,16203396,0.5
1930,55111609,0.5
2013,25017389,0.5
561,78442681,0.5
164,41163551,0.5
1918,77252381,0.5
1119,65959692,0.5
1819,13036789,0.5
1021,72193557,0.5
1468,54709158,0.5
1841,51227454,0.5
519,49322925,0.5
1407,59407590,0.5
1468,33531536,0.5
2013,48031478,0.5
1966,80745594,0.5
1468,3637801,0.5
117,15679807,0.5
136,14441913,0.5
1714,14878645,0.5
2201,66096131,0.5
1728,16475504,0.5
411,67397766,0.5
1998,72566866,0.5
1140,11771488,0.5
561,37088051,0.5
1338,2237293,0.5
1379,60709808,0.5
1415,23810986,0.5
1119,59337963,0.5
562,52098691,0.5
411,74033710,0.5
1377,26952828,0.5
692,47090336,0.5
212,44730028,0.5
2118,11028234,0.5
1931,60835038,0.5
177,80246086,0.5
74,69747499,0.5
411,18380351,0.5
1291,25451233,0.5
1918,6762750,0.5
1566,34526512,0.5
1950,62892220,0.5
692,4533772,0.5
1496,5733860,0.5
966,11556085,0.5
692,27510331,0.5
1415,78970952,0.5
914,23016898,0.5
1044,54426979,0.5
681,20084548,0.5
765,22556356,0.5
411,7302553,0.5
191,14223346,0.5
1201,13096439,0.5
311,53942118,0.5
748,44248441,0.5
1291,68211082,0.5
886,18564553,0.5
117,74742077,0.5
1496,45871354,0.5
692,46833003,0.5
1605,32725111,0.5
389,39512352,0.5
1119,55556845,0.5
966,23446701,0.5
70,59680354,0.5
1468,5675476,0.5
231,14950297,0.5
1415,25103920,0.5
1119,51989110,0.5
966,25782913,0.5
12,40710383,0.5
1599,73250173,0.5
191,63314274,0.5
1119,22180616,0.5
191,12444177,0.5
1291,36060132,0.5
561,9652329,0.5
1379,52976574,0.5
1375,64103403,0.5
1215,67243833,0.5
136,78882291,0.5
1415,56412446,0.5
1749,70996888,0.5
206,67632415,0.5
846,43932108,0.5
1918,42252697,0.5
1284,22199260,0.5
411,27906504,0.5
1407,44078329,0.5
311,76170347,0.5
1671,79163545,0.5
681,53483915,0.5
1407,78621007,0.5
1291,13204001,0.5
404,22906370,0.5
302,61147188,0.5
939,43532854,0.5
692,48880544,0.5
916,28165542,0.5
136,13969112,0.5
1918,40850784,0.5
1950,16276931,0.5
725,55259908,0.5
1566,47770894,0.5
1215,15200581,0.5
411,11230443,0.5
70,19606884,0.5
846,59748809,0.5
792,11642386,0.5
686,29685654,0.5
1580,40270589,0.5
70,20121451,0.5
1966,58113684,0.5
1377,4995192,0.5
1375,73567638,0.5
1415,62140654,0.5
2050,40499772,0.5
1605,2250927,0.5
471,34772303,0.5
561,12998624,0.5
1596,57482980,0.5
519,78059583,0.5
117,81701427,0.5
846,18470596,0.5
1375,8220849,0.5
70,48145271,0.5
1530,31137474,0.5
2201,6871398,0.5
212,4830733,0.5
12,17674636,0.5
1415,70018990,0.5
2013,49233167,0.5
1291,51620954,0.5
692,17834499,0.5
404,44989282,0.5
1827,20479668,0.5
1140,22923334,0.5
725,81852602,0.5
1847,36685745,0.5
173,19861361,0.5
692,15853540,0.5
191,35838024,0.5
1291,77095396,0.5
1468,28158872,0.5
1827,2946941,0.5
136,24173256,0.5
136,70156849,0.5
846,58008952,0.5
692,41288906,0.5
2031,1632543,0.5
792,47982565,0.5
1277,37164157,0.5
1503,18513282,0.5
1415,29323525,0.5
1021,11846281,0.5
231,35893054,0.5
1483,30092306,0.5
1017,45933330,0.5
311,34591627,0.5
1468,8590627,0.5
12,18357956,0.5
561,64148030,0.5
1254,24683358,0.5
286,80622426,0.5
1350,77753240,0.5
692,9184404,0.5
543,43048757,0.5
206,51309792,0.5
1119,4415737,0.5
1415,38563213,0.5
369,5143546,0.5
692,49016654,0.5
1716,34863904,0.5
1918,6696859,0.5
1596,7234566,0.5
1468,51701444,0.5
1468,46109384,0.5
1781,42707636,0.5
2154,56276458,0.5
1966,44308494,0.5
70,70685968,0.5
311,58124898,0.5
2031,53835953,0.5
1415,45846061,0.5
1566,77576491,0.5
411,32635163,0.5
914,70255607,0.5
1468,50647622,0.5
1277,59673959,0.5
1377,31773750,0.5
471,48309614,0.5
1918,33104044,0.5
117,14597635,0.5
117,62016322,0.5
369,13531748,0.5
1468,22079102,0.5
1375,33087282,0.5
692,77706840,0.5
2031,43556803,0.5
561,65976131,0.5
1291,62213752,0.5
1918,2910212,0.5
1622,37225324,0.5
846,48335864,0.5
1468,33777882,0.5
1377,79594869,0.5
2013,52340865,0.5
1407,58719196,0.5
692,14054958,0.5
1415,2042964,0.5
1950,50924251,0.5
765,9448350,0.5
191,76702039,0.5
1966,2980109,0.5
529,13114195,0.5
1950,31115732,0.5
765,68874427,0.5
1291,74939915,0.5
1622,62087163,0.5
389,8455411,0.5
2068,33803376,0.5
561,42174233,0.5
2118,38378972,0.5
2013,16399608,0.5
914,50009170,0.5
191,54387458,0.5
725,31658672,0.5
1605,15210150,0.5
1119,50878940,0.5
966,72362727,0.5
1119,48874652,0.5
98,67852361,0.5
1605,51716866,0.5
765,74614830,0.5
1605,60297568,0.5
136,9045179,0.5
692,75153745,0.5
1566,29952581,0.5
1950,3293462,0.5
1140,9802898,0.5
1415,10087311,0.5
916,68733750,0.5
1468,28742912,0.5
70,23799653,0.5
1605,33910809,0.5
1749,81296802,0.5
1918,16338166,0.5
1284,47491575,0.5
2013,25926915,0.5
1468,44322161,0.5
1468,40529194,0.5
1918,16026441,0.5
1017,57252096,0.5
1291,40068424,0.5
2031,9492487,0.5
846,52516819,0.5
561,37898633,0.5
1468,30840651,0.5
543,5807748,0.5
1950,2762395,0.5
846,68218241,0.5
98,50644428,0.5
1317,34698535,0.5
1407,73778949,0.5
1918,50683263,0.5
1119,79025575,0.5
1596,34040245,0.5
1714,58358491,0.5
432,22381585,0.5
411,53644620,0.5
792,76019599,0.5
875,2526543,0.5
519,71911719,0.5
1847,12384501,0.5
792,71899542,0.5
1242,67547879,0.5
1415,29685844,0.5
765,4349379,0.5
1119,14706659,0.5
1530,22447699,0.5
561,57032779,0.5
411,1617004,0.5
1468,35749449,0.5
389,63706882,0.5
136,23406054,0.5
1119,36550957,0.5
1468,63621765,0.5
1023,53232868,0.5
692,10407672,0.5
432,76716700,0.5
1254,20413520,0.5
1338,62235844,0.5
1596,15864028,0.5
699,56223091,0.5
1415,32455222,0.5
692,46277783,0.5
1918,25193238,0.5
519,61865610,0.5
1182,66774923,0.5
1468,976931,0.5
121,54992702,0.5
12,21237041,0.5
1351,32014934,0.5
1291,2676959,0.5
1918,47960130,0.5
2013,361909,0.5
436,22185305,0.5
1377,17854039,0.5
1714,73369260,0.5
2031,60536912,0.5
939,35152405,0.5
1918,80782454,0.5
1566,74124920,0.5
2031,39010760,0.5
1962,1755161,0.5
1566,10745107,0.5
1338,45644333,0.5
191,12204514,0.5
1415,6424717,0.5
191,60133262,0.5
914,21264893,0.5
727,20884742,0.5
561,13833910,0.5
846,43017356,0.5
529,72724241,0.5
1119,45808958,0.5
369,22575450,0.5
1119,29532316,0.5
436,74711821,0.5
1596,54907652,0.5
369,44261020,0.5
692,80401892,0.5
191,7966781,0.5
1407,15131750,0.5
692,14676277,0.5
1027,54193069,0.5
914,8332989,0.5
1291,34488740,0.5
1991,27303660,0.5
1468,75973779,0.5
1918,79473928,0.5
1317,32863027,0.5
12,80353813,0.5
1566,33297495,0.5
725,31205707,0.5
2201,79439226,0.5
191,28005213,0.5
302,3440484,0.5
2031,17901750,0.5
411,12784072,0.5
74,9507655,0.5
916,67565055,0.5
914,4999103,0.5
1596,2703456,0.5
411,80783988,0.5
846,8758869,0.5
1415,74290667,0.5
1415,18134184,0.5
1415,60176633,0.5
1119,2970584,0.5
561,51287773,0.5
529,80460604,0.5
1827,35667371,0.5
1596,60764197,0.5
311,60738298,0.5
2031,39682288,0.5
1379,80989013,0.5
1622,20820910,0.5
121,25588770,0.5
1017,18138155,0.5
692,26172921,0.5
692,56229814,0.5
411,37113975,0.5
1379,25948670,0.5
624,33549687,0.5
1530,23140075,0.5
74,16756774,0.5
420,22321921,0.5
1749,48312428,0.5
1605,81330138,0.5
692,61945291,0.5
765,15153589,0.5
1119,10756816,0.5
561,29605624,0.5
2118,29112310,0.5
1918,42023184,0.5
411,73934643,0.5
1291,39758334,0.5
2201,45777083,0.5
2169,12043508,0.5
692,61192942,0.5
191,17960018,0.5
561,14611484,0.5
1950,7817741,0.5
191,17995504,0.5
1468,59724814,0.5
1284,77096459,0.5
2031,21395366,0.5
1119,20075405,0.5
411,1643936,0.5
1566,5037949,0.5
1605,39895789,0.5
191,21778287,0.5
1017,13537444,0.5
894,25839066,0.5
1468,5257921,0.5
369,50111630,0.5
1596,72969627,0.5
1140,76039225,0.5
561,1373200,0.5
1379,59421574,0.5
117,2660222,0.5
561,67642767,0.5
191,3828202,0.5
136,67497016,0.5
1622,71944997,0.5
1950,31390236,0.5
117,74721969,0.5
2112,57724157,0.5
1377,52472445,0.5
2031,68900989,0.5
1407,3041913,0.5
411,2500907,0.5
1291,55319563,0.5
173,73432930,0.5
404,60392872,0.5
1918,65797017,0.5
2118,25410844,0.5
404,65376291,0.5
70,14573101,0.5
2013,79441179,0.5
1338,52738006,0.5
916,62202303,0.5
191,75126979,0.5
1468,38662717,0.5
471,77002048,0.5
74,73716420,0.5
389,78118629,0.5
7,62350804,0.5
1716,51787264,0.5
660,79712107,0.5
561,40655396,0.5
692,28118576,0.5
2201,47877765,0.5
1970,28914955,0.5
1950,49594357,0.5
1827,56498245,0.5
2054,47666388,0.5
613,21137795,0.5
792,78056200,0.5
561,13650933,0.5
191,78344658,0.5
12,9189954,0.5
454,78273049,0.5
1530,25107023,0.5
1119,33682574,0.5
231,16746311,0.5
411,70297287,0.5
74,62484701,0.5
561,13139232,0.5
212,25033358,0.5
1377,50069852,0.5
411,1407412,0.5
1468,74311991,0.5
561,32946184,0.5
2196,17822986,0.5
191,45304959,0.5
191,76025787,0.5
12,74029044,0.5
1918,12187753,0.5
1119,23132042,0.5
1291,8355058,0.5
1714,40624639,0.5
977,61566485,0.5
1379,22842550,0.5
2031,213162,0.5
2118,25257581,0.5
231,34576845,0.5
2031,75879821,0.5
1468,64874626,0.5
389,61217303,0.5
411,67713649,0.5
2047,47015852,0.5
1017,58394162,0.5
1605,35161130,0.5
561,61099637,0.5
765,39964033,0.5
411,53518399,0.5
1407,18446789,0.5
1291,3528993,0.5
1468,1390623,0.5
1407,57925842,0.5
914,49485356,0.5
1119,68270379,0.5
1468,11032670,0.5
792,57374948,0.5
1379,74162103,0.5
692,52030640,0.5
411,80682586,0.5
1215,39657877,0.5
1407,40341935,0.5
1119,11232560,0.5
121,56482834,0.5
1119,54380144,0.5
914,80419433,0.5
1468,49906258,0.5
177,74326422,0.5
1291,49286347,0.5
1605,32800869,0.5
117,7505274,0.5
173,58212724,0.5
174,60472703,0.5
939,1098160,0.5
1728,81187314,0.5
1635,55908133,0.5
191,12688251,0.5
916,15151931,0.5
1918,13877206,0.5
1119,56222512,0.5
1201,42677548,0.5
1468,79022978,0.5
286,75404661,0.5
311,69870056,0.5
164,70447610,0.5
70,22444276,0.5
117,9286832,0.5
1468,18304715,0.5
1468,42567997,0.5
951,59384776,0.5
2205,73235880,0.5
692,46055507,0.5
1716,13223536,0.5
272,56983241,0.5
846,4831071,0.5
1566,75985969,0.5
692,44169674,0.5
916,81439028,0.5
1291,68401339,0.5
692,29730195,0.5
145,37283386,0.5
1291,40999190,0.5
1119,81106932,0.5
916,72078671,0.5
7,32698389,0.5
2050,49581704,0.5
1291,81517727,0.5
1749,12369820,0.5
1254,71610983,0.5
1291,70031978,0.5
692,26063454,0.5
1530,15049775,0.5
136,7300175,0.5
1468,7821919,0.5
86,24673157,0.5
411,80445221,0.5
411,80791939,0.5
389,68648115,0.5
692,53187961,0.5
1622,81284919,0.5
914,21709386,0.5
1827,44208204,0.5
1918,20775346,0.5
1119,28655586,0.5
725,64182386,0.5
1119,18593638,0.5
1503,58277681,0.5
692,22282857,0.5
369,42646841,0.5
692,66537283,0.5
1605,31385542,0.5
12,23651395,0.5
1530,62131496,0.5
1119,49130328,0.5
1940,3100999,0.5
411,41170256,0.5
1605,25011760,0.5
886,10711247,0.5
1468,19267873,0.5
692,12499749,0.5
117,4615664,0.5
543,21184070,0.5
136,35347914,0.5
2112,63476534,0.5
1918,42065894,0.5
1119,14549491,0.5
1119,11684086,0.5
1291,21549654,0.5
191,43632897,0.5
1566,74116026,0.5
2054,68538612,0.5
1781,73074496,0.5
12,42501170,0.5
70,51140917,0.5
1781,68309788,0.5
1918,33732938,0.5
853,53650858,0.5
727,4122444,0.5
1496,8960685,0.5
302,25246247,0.5
2031,20119283,0.5
1566,77603834,0.5
191,54528963,0.5
1790,65796428,0.5
1119,53764914,0.5
173,33196509,0.5
302,66355241,0.5
1291,8460357,0.5
916,46425260,0.5
529,1958362,0.5
286,69018759,0.5
1468,38172812,0.5
1970,74201106,0.5
1918,32383688,0.5
1605,48043823,0.5
1483,2521872,0.5
432,52348958,0.5
914,60047954,0.5
1962,66069688,0.5
369,71210633,0.5
404,61956202,0.5
692,64744660,0.5
231,14586006,0.5
692,7048667,0.5
113,25585386,0.5
561,19986489,0.5
411,19319600,0.5
1021,5281186,0.5
117,29190732,0.5
1407,65596575,0.5
1749,33817392,0.5
2013,37262153,0.5
389,28851907,0.5
1749,45582154,0.5
1950,38848365,0.5
2201,31736511,0.5
692,78762617,0.5
681,50849605,0.5
2112,79665385,0.5
1017,1109975,0.5
1284,61530976,0.5
2118,9487278,0.5
1407,63813301,0.5
2050,5384660,0.5
692,26483180,0.5
1496,80910372,0.5
699,69377570,0.5
1530,4239534,0.5
1596,39891406,0.5
846,47265604,0.5
1918,39762960,0.5
1918,29341963,0.5
2031,22009495,0.5
1201,13160897,0.5
212,19826284,0.5
692,71919329,0.5
1566,29667243,0.5
12,15297291,0.5
846,125500,0.5
1918,33763501,0.5
173,34395257,0.5
543,17760771,0.5
1119,39752615,0.5
561,81485820,0.5
1379,17952665,0.5
436,40232837,0.5
1957,5623030,0.5
1291,16621444,0.5
1918,73511069,0.5
1119,4619637,0.5
191,48615736,0.5
1827,17051209,0.5
1998,19574479,0.5
1017,57999435,0.5
117,69850277,0.5
1201,50442598,0.5
311,34439450,0.5
136,5853395,0.5
432,58835151,0.5
404,75328246,0.5
411,70964494,0.5
302,20037864,0.5
1970,46552099,0.5
692,66861368,0.5
647,23645739,0.5
191,20219804,0.5
191,38928366,0.5
1291,70262682,0.5
966,19257995,0.5
1291,54379694,0.5
191,80300006,0.5
121,79634961,0.5
1317,41821639,0.5
1338,44362877,0.5
2201,33301979,0.5
846,62832707,0.5
1044,57140275,0.5
2013,36495374,0.5
1512,67524175,0.5
117,30273127,0.5
2031,12129036,0.5
70,64009087,0.5
1716,77132323,0.5
1962,60724688,0.5
411,65454296,0.5
1605,81186807,0.5
191,59576676,0.5
725,36479967,0.5
1950,5448048,0.5
136,8531508,0.5
1468,23738125,0.5
1957,60115163,0.5
692,10575699,0.5
2118,68276660,0.5
1605,10400315,0.5
1119,10585170,0.5
1781,62618289,0.5
191,2728163,0.5
914,277863,0.5
2013,78975881,0.5
404,3064991,0.5
311,78547616,0.5
70,79094362,0.5
846,71863912,0.5
932,67242281,0.5
177,67081299,0.5
1966,33177958,0.5
699,20947010,0.5
311,5948205,0.5
1749,13404261,0.5
1202,31071596,0.5
692,24419102,0.5
692,46848797,0.5
1119,42229622,0.5
145,70414323,0.5
1291,7207667,0.5
1596,54571988,0.5
1468,80489017,0.5
1950,29882571,0.5
70,42296183,0.5
389,59559598,0.5
1017,39501971,0.5
302,72426744,0.5
1407,27432176,0.5
692,50668238,0.5
74,23410723,0.5
1291,16307842,0.5
1017,12321754,0.5
1918,67810068,0.5
914,34143202,0.5
939,3538474,0.5
692,78906553,0.5
2118,9386868,0.5
2048,46060286,0.5
1017,22497608,0.5
1468,746321,0.5
2118,21065978,0.5
1925,65387415,0.5
975,66512897,0.5
886,16198510,0.5
561,45820344,0.5
1407,36195755,0.5
1119,52450948,0.5
1291,33498172,0.5
1202,56344611,0.5
692,46129284,0.5
1291,80243360,0.5
1468,1867765,0.5
1716,13115482,0.5
136,39756972,0.5
2031,76755708,0.5
1338,23957931,0.5
1566,6358000,0.5
411,65306218,0.5
1596,50462953,0.5
369,39812408,0.5
727,34337282,0.5
914,35860841,0.5
177,1744549,0.5
1254,72814581,0.5
1918,53667062,0.5
70,50277482,0.5
411,69275166,0.5
136,36777843,0.5
1596,41936090,0.5
1918,48208466,0.5
1021,5549110,0.5
1119,57423185,0.5
1950,67810917,0.5
692,34032497,0.5
914,46830563,0.5
1635,31741913,0.5
725,33123829,0.5
1599,12919070,0.5
966,68862705,0.5
86,81262420,0.5
1415,55211441,0.5
916,76063926,0.5
748,24128757,0.5
916,39061077,0.5
1242,58382470,0.5
1119,55480777,0.5
561,63252370,0.5
2066,61255876,0.5
1291,78030014,0.5
561,25927611,0.5
692,1779775,0.5
389,52587196,0.5
1415,4123212,0.5
411,27131948,0.5
1940,64996812,0.5
1350,31985455,0.5
1350,18744442,0.5
727,55733106,0.5
1254,82299391,0.5
699,73493525,0.5
1277,59894006,0.5
1918,67890131,0.5
369,38002699,0.5
1622,65967648,0.5
177,62631198,0.5
1991,22734169,0.5
846,14089806,0.5
1827,66470702,0.5
1790,20219790,0.5
692,36792493,0.5
1375,6477518,0.5
1119,38222957,0.5
681,71277057,0.5
86,46164794,0.5
916,59960365,0.5
302,39187479,0.5
286,43278275,0.5
914,66167903,0.5
1017,40881705,0.5
1119,74415665,0.5
914,62758066,0.5
2044,42736424,0.5
2048,56989454,0.5
411,1609170,0.5
1566,65940115,0.5
1415,22971482,0.5
311,27097605,0.5
411,15233643,0.5
561,43753094,0.5
1918,73722980,0.5
1566,44162454,0.5
286,72881665,0.5
1140,11196362,0.5
748,29699841,0.5
369,47156237,0.5
960,2382743,0.5
1254,68536318,0.5
692,78696074,0.5
1566,79201594,0.5
914,71329830,0.5
765,14007923,0.5
411,18327238,0.5
231,79344517,0.5
2201,56972481,0.5
765,38331208,0.5
1827,6951577,0.5
692,25495296,0.5
411,6498039,0.5
727,15092439,0.5
1950,67078204,0.5
70,2139500,0.5
191,8407911,0.5
369,12979313,0.5
1468,7220780,0.5
1291,11092250,0.5
1566,58285119,0.5
1317,46801724,0.5
136,11955988,0.5
966,47005233,0.5
914,53466123,0.5
1483,23021363,0.5
411,60964084,0.5
846,78850237,0.5
1375,78801843,0.5
894,13160000,0.5
1119,19856472,0.5
404,80008851,0.5
1918,44806248,0.5
117,64133794,0.5
136,79371470,0.5
1468,80590610,0.5
725,2976036,0.5
1429,6815553,0.5
727,62261578,0.5
1749,27945749,0.5
846,30086407,0.5
1021,607754,0.5
404,57316269,0.5
692,46046856,0.5
692,38819586,0.5
681,22680401,0.5
692,15678369,0.5
1415,8432958,0.5
916,46086047,0.5
561,16713111,0.5
121,76105222,0.5
7,73256465,0.5
12,40795426,0.5
692,30431606,0.5
1277,39914128,0.5
681,24104237,0.5
977,72537491,0.5
1605,8850738,0.5
1291,16452185,0.5
389,50299501,0.5
136,14637570,0.5
1566,72881232,0.5
74,34804220,0.5
916,62704812,0.5
1468,47709333,0.5
411,41139668,0.5
1468,58168450,0.5
561,81013198,0.5
1415,38462207,0.5
389,80466170,0.5
1230,58518353,0.5
561,37052122,0.5
411,72432739,0.5
1904,73009401,0.5
117,57382982,0.5
231,5271235,0.5
1970,59108259,0.5
692,35750143,0.5
411,54434042,0.5
117,51077210,0.5
561,47439190,0.5
1291,44834928,0.5
727,29088188,0.5
692,2486593,0.5
846,64315736,0.5
686,17605980,0.5
121,68648592,0.5
191,59018009,0.5
173,9207809,0.5
1622,50655586,0.5
692,5441231,0.5
432,15633197,0.5
411,49286134,0.5
727,8949916,0.5
136,63539231,0.5
411,49922097,0.5
1918,60296366,0.5
1841,58192076,0.5
1407,1307507,0.5
692,12455137,0.5
389,36083027,0.5
1566,32950484,0.5
1407,35993692,0.5
2047,16987580,0.5
692,63034262,0.5
1671,1911501,0.5
1284,4466530,0.5
136,1473512,0.5
432,24564004,0.5
1566,59284483,0.5
2118,54609703,0.5
1291,16398569,0.5
1566,77361548,0.5
1119,69390821,0.5
411,32378899,0.5
1605,63523364,0.5
725,32329729,0.5
1017,14827922,0.5
1468,65522543,0.5
420,15030196,0.5
1950,25660440,0.5
1728,33624642,0.5
1605,9637776,0.5
389,49106914,0.5
1566,79705389,0.5
18,61790615,0.5
1468,2744359,0.5
914,56766154,0.5
692,39376170,0.5
2031,80968022,0.5
727,28874277,0.5
1918,33212341,0.5
727,42806448,0.5
1496,16571720,0.5
838,73212525,0.5
1119,41874500,0.5
692,17158168,0.5
1415,60433794,0.5
561,844346,0.5
916,77068036,0.5
1918,2763742,0.5
311,50046137,0.5
692,28423746,0.5
1375,51830066,0.5
1596,60003339,0.5
121,31712629,0.5
886,64015392,0.5
432,44752825,0.5
1918,57076693,0.5
70,77920491,0.5
561,50474549,0.5
692,42014419,0.5
561,45039437,0.5
286,34058231,0.5
2197,6815923,0.5
1057,70311754,0.5
1468,38720486,0.5
173,63100931,0.5
1496,52292492,0.5
1377,70242324,0.5
1021,57827048,0.5
951,34866808,0.5
1254,17037014,0.5
561,15123151,0.5
302,62097508,0.5
1781,41555177,0.5
519,30634708,0.5
1508,37372886,0.5
692,56113467,0.5
966,46578861,0.5
748,2365141,0.5
411,25270960,0.5
191,49999900,0.5
117,28492299,0.5
1291,10400812,0.5
302,33309781,0.5
1468,16212523,0.5
1415,2366558,0.5
1827,21069959,0.5
1918,45651928,0.5
1605,4964706,0.5
1119,842419,0.5
1415,47895863,0.5
70,70735017,0.5
966,75383256,0.5
1468,1766296,0.5
286,66669391,0.5
1379,72155211,0.5
725,55504896,0.5
966,27902424,0.5
1254,21714523,0.5
1119,42086013,0.5
561,25186153,0.5
1871,53078896,0.5
561,58189563,0.5
1119,18353113,0.5
302,25850078,0.5
1415,11300619,0.5
454,59048385,0.5
1841,67798694,0.5
2031,4736415,0.5
1910,29728498,0.5
1566,12394855,0.5
1017,46242413,0.5
966,6915478,0.5
1317,4330789,0.5
1781,34267299,0.5
1017,49887987,0.5
1847,44567324,0.5
74,26758494,0.5
1107,43995846,0.5
660,81992372,0.5
272,29213974,0.5
1566,39017553,0.5
1119,60005172,0.5
1468,5127722,0.5
1930,45565103,0.5
1622,51374671,0.5
1672,18602019,0.5
117,70476017,0.5
1379,2284440,0.5
70,45261680,0.5
1749,51021210,0.5
1202,7798248,0.5
432,62943057,0.5
1716,50466875,0.5
1596,7896795,0.5
1119,73315144,0.5
1962,45646381,0.5
1512,21876540,0.5
529,6439939,0.5
1507,1296907,0.5
1925,8473108,0.5
1338,52233875,0.5
191,45369681,0.5
2031,8862471,0.5
1918,9328151,0.5
1530,67547334,0.5
692,73242584,0.5
1530,73110936,0.5
2048,23558108,0.5
1291,75442119,0.5
914,24135053,0.5
966,48598844,0.5
389,29164942,0.5
389,27662815,0.5
1230,5239530,0.5
894,41668972,0.5
1119,62364612,0.5
1291,9476525,0.5
543,72652757,0.5
914,71845450,0.5
1338,29523268,0.5
1449,82444091,0.5
1415,67017927,0.5
2031,65926203,0.5
1119,16205296,0.5
117,36939158,0.5
1291,42746148,0.5
2201,35618942,0.5
914,63659061,0.5
191,63311054,0.5
389,45746558,0.5
1950,58634352,0.5
136,1538414,0.5
624,29553756,0.5
561,78250928,0.5
2118,10749651,0.5
927,26357028,0.5
748,20060129,0.5
1622,37289256,0.5
70,27101579,0.5
2044,20542506,0.5
1291,38824728,0.5
1415,25321388,0.5
1375,24347893,0.5
302,6860719,0.5
389,13797856,0.5
1496,33204160,0.5
1119,4810741,0.5
411,21698194,0.5
1508,82254410,0.5
1215,51522962,0.5
302,32902355,0.5
1201,43052454,0.5
692,28220216,0.5
1407,79397658,0.5
1483,20075104,0.5
411,14384351,0.5
1119,17527058,0.5
1119,45205933,0.5
1119,34603302,0.5
1407,3276714,0.5
212,41295583,0.5
117,69131433,0.5
1468,27752195,0.5
960,4430999,0.5
1530,65513451,0.5
1119,53313669,0.5
960,71430902,0.5
1215,56229832,0.5
1291,63345405,0.5
86,70890835,0.5
960,42563591,0.5
2118,45987825,0.5
6,81320173,0.5
561,46089413,0.5
191,44842577,0.5
2031,81947979,0.5
1827,45464194,0.5
1291,2546629,0.5
432,53406271,0.5
2068,29899473,0.5
1377,13892,0.5
1749,73655551,0.5
692,70509863,0.5
411,44557224,0.5
2031,46473972,0.5
692,517289,0.5
914,56542240,0.5
727,20397798,0.5
1530,43991101,0.5
1254,64833240,0.5
1182,9088597,0.5
1605,44511708,0.5
1596,61436438,0.5
121,63071465,0.5
1338,46963209,0.5
1566,49989990,0.5
1017,73410457,0.5
1940,51217437,0.5
1530,2482469,0.5
389,29958914,0.5
692,81434731,0.5
561,52291092,0.5
2066,69880985,0.5
1407,3539056,0.5
1918,3410910,0.5
336,60856875,0.5
1407,8413218,0.5
916,77719500,0.5
1599,47766790,0.5
2196,19017860,0.5
1749,41098475,0.5
1468,37659409,0.5
1407,27288529,0.5
846,27938624,0.5
2031,61416473,0.5
1918,73007889,0.5
543,35461770,0.5
1918,27327112,0.5
191,33016651,0.5
389,74174992,0.5
1530,48744126,0.5
692,76337594,0.5
471,67210848,0.5
914,77606978,0.5
1171,37600918,0.5
966,78673678,0.5
1277,69873651,0.5
692,13113259,0.5
136,59161456,0.5
1085,41677605,0.5
1379,793903,0.5
136,43982240,0.5
74,32076469,0.5
688,30713037,0.5
1749,45055596,0.5
1468,6889067,0.5
647,28631557,0.5
692,76531506,0.5
70,64663701,0.5
692,68165348,0.5
2031,61954300,0.5
2013,39138187,0.5
117,4918848,0.5
191,25017865,0.5
1119,55251165,0.5
432,48551520,0.5
1566,59404378,0.5
2031,19814447,0.5
432,29198389,0.5
1950,22903550,0.5
113,4329265,0.5
1468,46451413,0.5
117,1523537,0.5
70,33076076,0.5
914,50709379,0.5
692,46639417,0.5
174,10783563,0.5
1119,210008,0.5
692,2203191,0.5
1468,28917538,0.5
86,80115307,0.5
1415,78182718,0.5
1338,62200752,0.5
436,56193925,0.5
1925,46238032,0.5
2013,63556443,0.5
1991,19107252,0.5
1622,62470944,0.5
1962,38679132,0.5
1377,49925386,0.5
1781,51075098,0.5
191,32630515,0.5
450,67874573,0.5
1746,81662162,0.5
436,76411872,0.5
1566,1187150,0.5
692,755988,0.5
2013,60355868,0.5
1918,69108108,0.5
792,46277409,0.5
748,10842075,0.5
1171,33396980,0.5
231,46009083,0.5
1957,65853495,0.5
1140,6509654,0.5
1379,61776709,0.5
699,10005012,0.5
1503,51118098,0.5
2013,4172416,0.5
136,17981694,0.5
846,46383401,0.5
1201,67485093,0.5
2054,31526081,0.5
1580,16070869,0.5
1182,1338411,0.5
302,16574098,0.5
727,68791213,0.5
2031,57848753,0.5
302,16561071,0.5
1468,16111524,0.5
411,18757874,0.5
692,31036791,0.5
1580,36236949,0.5
1507,78385985,0.5
