aid,uid,label
699,78508957,-1
1991,3637295,-1
1119,19229018,-1
2013,79277120,-1
692,41528441,-1
1119,62381478,-1
117,36832847,-1
389,22023604,-1
432,39527165,-1
1468,47080817,-1
1468,56085174,-1
404,22117015,-1
369,20159477,-1
411,49029134,-1
1940,31132182,-1
846,4039629,-1
543,20601591,-1
1415,22744430,-1
136,9828105,-1
1918,10336143,-1
561,75233751,-1
1468,72903924,-1
692,81670516,-1
1215,9947318,-1
846,35278604,-1
174,64116325,-1
1749,33838753,-1
1507,1320930,-1
1254,28769142,-1
1119,48708770,1
846,18634306,-1
1119,40672131,-1
916,39650505,-1
1415,60864809,-1
1335,44072024,1
1781,44285573,-1
2216,61237244,-1
117,47475273,-1
1119,64954925,1
436,68093353,-1
411,5256406,-1
1379,69938159,-1
432,64938005,-1
1605,34025684,-1
1566,54876557,-1
432,38454452,-1
1918,60491542,-1
1415,51156977,1
1728,64335974,-1
1904,40936344,-1
1407,58000262,-1
302,81352665,-1
1291,38358319,-1
692,52145834,-1
903,2217066,-1
1254,52265874,-1
1496,22862228,-1
916,21818509,-1
1605,2258262,-1
70,31511040,-1
302,9685368,-1
2031,56023654,-1
916,24552689,-1
1119,72702682,-1
1950,6190305,-1
765,77351073,-1
2044,7984138,-1
1566,66815603,-1
1379,70317685,-1
699,32650128,-1
369,16417505,-1
191,34971131,-1
1415,57819574,-1
916,28622289,-1
1566,7994109,-1
966,53608383,-1
561,35347584,-1
1201,53886088,-1
692,73996764,-1
369,32300456,1
136,40196103,-1
404,3690099,-1
369,24131128,-1
1468,47910804,-1
1379,13140929,-1
894,3596334,1
7,66429852,-1
1379,60696969,-1
1468,35825134,-1
1819,77714697,-1
846,38348970,-1
1918,82156772,-1
561,50511083,-1
173,10178454,-1
1379,61856062,-1
191,55861836,-1
2048,19662838,-1
1291,34552591,-1
1107,42695592,-1
1350,41497358,-1
2031,27195866,-1
688,16162119,-1
1201,68010161,-1
191,29352320,-1
191,68506212,-1
914,14271524,-1
1284,53470326,-1
1107,75761304,-1
191,50045382,-1
1468,58950186,-1
70,73222626,-1
1566,52203658,-1
286,30810158,-1
529,35466183,-1
1605,38026129,-1
561,52873995,-1
173,53468309,-1
1566,14974603,-1
1950,54704299,-1
411,764565,-1
432,2255587,-1
1468,78517296,-1
1119,49549070,-1
1918,54468510,-1
1254,61321991,-1
1950,18919872,-1
692,60585954,-1
1468,63545149,1
1254,50134234,-1
1291,80262002,-1
1044,60089880,-1
2031,69561396,-1
1940,11004128,-1
1918,42721219,-1
173,46965109,-1
1379,18308214,-1
966,5481239,-1
1622,63304831,-1
1596,61563581,-1
136,25031802,-1
1254,48513746,-1
792,9988157,-1
561,81260936,-1
389,279902,-1
1714,54613804,-1
191,54129227,-1
336,52250353,-1
2031,10068646,1
1119,36527173,-1
231,57978528,-1
1918,30692162,-1
1596,6586514,-1
1918,54663149,-1
846,52592275,-1
420,21547984,1
302,66762714,-1
1566,49247015,-1
369,75796170,-1
1468,14354520,-1
916,4976076,-1
1468,35084182,-1
939,75365386,-1
136,9476214,-1
1338,19193584,-1
302,38465760,-1
2047,32701898,-1
1746,44752953,-1
411,42078922,-1
311,1620969,-1
1291,52411168,-1
914,16053777,-1
1468,6938995,-1
70,38063767,-1
692,75503662,-1
1781,24488149,-1
916,67312009,-1
1716,16054191,-1
692,27042690,-1
1379,27974696,1
411,17828902,-1
1622,20967479,-1
692,4357412,-1
1254,20623764,-1
1284,78202974,-1
960,42208088,-1
1350,71886464,-1
1044,47074301,-1
432,24477523,-1
1407,8852328,-1
1503,77951745,-1
1379,15095533,-1
1904,30866123,-1
302,20336345,-1
846,35156445,-1
1017,58534311,-1
1566,19634292,-1
1605,35534038,-1
692,74616878,-1
70,24696694,-1
1918,14193492,-1
1044,72779900,-1
1291,64953808,-1
2066,20008733,-1
692,8051803,-1
1027,66620114,-1
692,36157305,-1
725,43228422,-1
302,19856371,-1
191,67249695,-1
1468,3202763,1
12,31703979,-1
1605,7502512,-1
1415,46502704,-1
411,71812125,-1
1918,16419335,-1
1918,16028961,-1
70,44400969,-1
302,33774716,-1
1746,44836980,-1
1605,41899198,-1
1468,70704609,-1
838,49014980,-1
519,71870985,-1
1566,81025267,-1
1291,59572881,-1
529,13656913,-1
1566,14893891,-1
688,74364950,-1
302,63249851,-1
411,60607085,-1
432,63680930,-1
916,57468754,-1
1468,71390921,-1
1407,64497279,-1
1119,20770599,-1
516,7617184,-1
1415,42904366,-1
173,46409915,-1
1017,2109521,-1
206,37592270,1
692,14425956,-1
1119,48364607,-1
191,44412100,-1
1508,40897495,-1
145,71181768,-1
2047,57324214,-1
212,46036663,-1
117,1005170,-1
1950,75094661,-1
1566,4116314,-1
914,56284565,-1
765,29617291,-1
1291,58715981,-1
1596,35559016,-1
411,42673582,-1
136,29783565,-1
1950,25037342,-1
561,73026607,-1
966,43369885,-1
1605,63681535,-1
2013,57028334,-1
191,69754610,1
2013,5020766,-1
432,60585809,-1
1827,45689112,-1
1714,22589510,-1
1605,48567891,-1
1182,77602181,-1
173,29135299,-1
1749,64377828,-1
692,65798770,-1
206,44697834,-1
404,36408780,-1
1566,49401210,-1
1182,69936412,-1
846,72331531,-1
1119,58688506,-1
12,58910186,-1
117,24334564,-1
1596,80593878,-1
1254,54979291,-1
1284,70021501,-1
2050,16445120,1
173,38974453,-1
1566,27461477,-1
916,28791439,-1
1512,40482079,-1
1566,77345071,-1
2031,68314919,-1
1940,12905640,-1
1925,33279185,-1
411,9105879,-1
1379,8840092,-1
1407,26490479,-1
660,29027348,-1
369,72764570,-1
177,69569679,-1
1635,37250967,-1
1119,54930428,-1
18,65246753,1
1468,11461211,-1
727,82195898,-1
1379,75728936,-1
1918,7778513,-1
692,79748308,-1
411,35006754,-1
1017,45527953,-1
1468,81434694,-1
206,72037454,-1
1017,36592534,-1
206,58567959,-1
432,55000379,-1
191,9608281,-1
1904,27631984,-1
1021,16988454,-1
1503,8710996,-1
2197,32560316,-1
1605,51089855,-1
1291,20350606,-1
136,49264619,-1
145,74237808,-1
1468,50499262,-1
692,53041537,-1
914,70138412,-1
450,54789037,-1
1940,7796419,-1
136,68658636,1
1918,10255526,-1
692,5810267,-1
748,13532572,-1
411,80870805,-1
1415,26738169,-1
117,718750,-1
286,33093061,-1
1622,65436621,-1
966,78582370,-1
311,55747297,-1
411,15988288,-1
1918,30710235,-1
846,67763800,-1
692,67060613,-1
1918,46605460,-1
1918,12066452,-1
543,13613002,-1
1827,13442533,-1
1021,67118144,-1
916,37649605,-1
1415,24030770,-1
173,57873383,-1
389,10374315,-1
311,15661643,1
561,22619921,-1
1998,50260985,-1
311,20316647,-1
692,4833809,-1
404,28074089,-1
727,36088021,-1
1119,11124843,-1
2169,67702158,-1
853,67783453,-1
389,63518675,-1
2050,77908615,-1
1827,14245007,-1
561,39662168,-1
1415,56671983,1
846,33388206,-1
1254,12497969,-1
1119,57808087,-1
1119,17725931,-1
7,29804974,-1
671,33324417,-1
411,32339270,-1
173,18494339,-1
471,38609351,-1
177,66984139,-1
432,34796395,-1
1749,67289917,-1
1671,58297443,-1
1291,21787705,-1
86,6941616,-1
692,7763948,-1
1605,55096607,-1
311,58346652,-1
432,57971699,-1
1119,43750469,-1
1119,6538644,-1
1827,6785438,-1
1635,79650287,-1
1119,34185427,-1
1781,2864670,-1
699,19061996,-1
411,79941147,-1
1530,51970574,-1
1415,19514184,-1
1918,77354056,-1
1605,78406733,-1
1335,7852705,-1
1291,43211600,-1
1728,40591363,-1
916,79397285,-1
272,12230680,-1
1254,13448628,-1
2118,32679984,-1
1201,6340334,-1
914,54022236,-1
411,15537777,-1
1407,22252465,-1
846,1343973,1
1468,70081349,-1
1468,15578796,-1
1377,42568282,-1
1970,18653017,-1
311,51668650,-1
561,62786008,-1
1496,67090704,-1
231,25187870,-1
529,55545733,-1
2201,48762683,-1
966,62674150,-1
846,14517410,-1
191,11339551,-1
136,22050587,-1
121,25163602,-1
1350,42670153,-1
1991,21229130,-1
1407,82367350,-1
1468,36712844,-1
725,77152074,-1
916,66576535,-1
699,51590482,-1
1119,24709232,-1
404,18315736,-1
1918,4539732,-1
1017,78479066,-1
1950,57883980,-1
1415,20943815,-1
2031,18068807,-1
411,69508685,-1
1728,79567775,-1
1017,63739858,-1
1291,38274830,-1
1827,14502938,1
231,35852930,-1
2196,80564813,-1
1468,55774590,-1
311,65870919,-1
70,64348129,-1
1728,26088780,-1
1338,12834030,-1
1415,52858905,-1
411,34155966,-1
692,17295260,-1
2054,59429585,-1
1415,26748120,-1
692,11059597,-1
411,56980332,-1
792,5295227,-1
2031,11719432,-1
1962,49016968,-1
1017,80980530,-1
12,59346409,-1
1201,67907542,-1
191,20581682,-1
1596,50051353,-1
286,1886947,-1
136,37488430,-1
692,58177200,-1
1215,50392510,-1
302,56842165,-1
404,67676358,-1
1415,12593965,-1
975,37081415,-1
1119,35888998,-1
1931,34128774,-1
311,14569043,-1
1017,34953767,-1
543,54436029,-1
302,51894479,-1
1291,3743002,-1
692,2977592,-1
2031,41124183,-1
613,59215981,-1
561,13501418,-1
173,52267733,-1
846,69540939,-1
681,31796421,-1
302,10323826,-1
411,69160640,1
1918,79255180,-1
1119,29365067,-1
2031,63125955,-1
561,34367993,-1
70,57633947,-1
2118,60873181,-1
1530,11621594,-1
1918,9148920,-1
1407,29475186,-1
966,31312498,-1
1596,77426137,-1
389,20106277,-1
692,3427412,-1
1716,23618139,-1
914,75598029,-1
1407,59713063,-1
561,49648100,-1
1530,64512702,-1
1350,47143247,-1
1728,22897525,-1
70,70428668,-1
699,14658348,-1
1530,40935807,-1
1918,20595575,-1
1119,50335,-1
1468,27499712,-1
2031,49688894,-1
1749,62814235,-1
1044,81356903,-1
2196,68129593,-1
681,44214333,-1
12,26312506,-1
692,61644549,-1
692,58680431,-1
1918,68113297,-1
1202,6707004,-1
846,46631815,-1
1728,12418513,-1
2031,29267423,-1
1171,65167218,-1
1918,62215684,-1
846,421544,-1
1017,6055246,-1
1468,34720944,-1
1468,54948028,-1
748,70409162,-1
1940,62050982,-1
1017,17024917,-1
1728,20520824,-1
1530,64147966,-1
1716,675293,-1
2054,58747296,-1
1605,78443739,-1
894,32796931,-1
1023,17132044,-1
136,9002185,-1
1375,3610676,-1
1596,21043507,1
543,23422628,1
561,68693799,-1
692,48601004,-1
173,47600023,-1
748,23746384,-1
369,17408993,-1
302,10573454,-1
966,50915974,-1
12,21823418,-1
1415,17479213,-1
1119,23680217,-1
727,12363587,-1
846,48931597,-1
432,28836658,-1
191,13956492,-1
1415,3932583,-1
1415,2234410,-1
692,47952742,-1
432,51629228,-1
1468,27868908,1
411,51010827,-1
727,55878022,-1
916,48015689,-1
1605,11353034,-1
1201,73233108,-1
173,13198229,-1
1291,51269192,-1
1918,42273755,-1
450,46886008,-1
1468,9710538,-1
624,19703183,-1
1415,57275647,-1
1605,79598055,-1
2205,78558860,-1
1140,16471672,-1
1918,26190313,-1
2205,28614912,-1
1790,71726559,-1
1468,14609898,-1
302,60849288,-1
561,2981334,-1
1714,78549851,-1
914,75764783,-1
692,14837740,-1
914,4603811,1
2013,48263394,-1
2118,79691584,-1
191,50412264,-1
206,4854051,-1
692,25058692,-1
543,21921854,-1
1107,2928943,-1
1749,55551494,-1
1379,33500782,1
1023,17642966,-1
1930,76354650,-1
846,34096921,-1
916,1739664,-1
2047,43458870,-1
725,56384009,-1
1415,28715443,-1
1841,18560049,-1
914,5409958,-1
70,68473150,-1
2216,5021024,-1
1940,56858032,-1
174,62452321,-1
561,31963951,1
411,45348623,-1
914,56245804,-1
1468,46268074,-1
12,36432695,-1
561,24040582,-1
1254,81103491,-1
1827,3670481,-1
311,72078742,-1
914,79842037,-1
205,1734525,-1
543,70577826,-1
117,57566123,-1
1291,59670204,-1
1429,62323705,-1
1377,75031611,-1
1605,60366970,-1
136,55587801,-1
914,52354262,-1
2112,48242554,-1
411,69908463,-1
543,20749444,-1
916,60700540,-1
1566,46913474,-1
2044,29314035,-1
212,36187406,-1
561,36604868,-1
2201,28987586,-1
1415,13706076,-1
411,21743968,-1
561,13793489,-1
1119,23718927,-1
1119,50163694,-1
1044,47506422,-1
543,31117954,-1
1468,81409377,-1
1957,46105792,-1
1291,49508822,-1
2154,49052700,-1
1530,3209285,-1
1468,3773031,-1
543,11667156,-1
692,2243866,-1
369,36899121,-1
411,56839295,-1
1291,80760334,-1
70,37855490,-1
1918,26548090,-1
699,13464433,-1
1119,46340833,-1
692,14387575,-1
136,75365129,-1
1291,61827653,-1
1407,82537292,-1
191,78682831,-1
369,38526430,-1
12,72518575,-1
1379,11174101,-1
302,75408969,-1
117,2464343,-1
1749,28540605,-1
411,47775057,-1
1819,78312723,-1
1140,884941,-1
177,39132943,-1
1415,13027264,-1
1379,62923026,-1
692,67010047,-1
1530,42778602,-1
561,76802245,-1
886,37946434,-1
692,10760409,-1
411,66988288,-1
692,80053775,-1
1962,29867481,-1
916,8090411,-1
914,5001504,-1
2201,19273806,-1
1605,71201283,-1
1918,33772686,-1
1596,73631944,-1
966,324032,-1
411,33965985,-1
765,73832944,-1
562,73841706,-1
1970,37203367,-1
12,79039025,-1
411,47126697,-1
1468,46154020,-1
2050,13580255,-1
1377,81074075,-1
117,58626439,-1
191,64645437,-1
1415,3479080,-1
1530,79738293,-1
1291,43701447,1
1950,39513145,-1
1317,37654082,-1
2118,28976361,-1
1119,61417903,-1
1215,6128506,-1
1119,29318770,-1
389,58158221,-1
1375,6302537,-1
389,69610185,-1
966,36980658,-1
1468,27584541,-1
1379,42702497,-1
1483,4122108,-1
686,57593305,-1
647,35736157,-1
1284,58835748,-1
1716,1960013,-1
1468,58622581,-1
311,25932217,-1
404,8877148,-1
311,71250935,1
231,26796848,-1
1580,64628503,-1
792,17197513,-1
966,23843366,-1
1119,80661915,-1
1566,67686403,-1
1605,14779065,-1
1407,51035554,-1
121,76233002,-1
411,6710537,-1
692,20478481,1
914,46015303,-1
1566,75260812,-1
121,5746865,-1
1377,20260340,-1
1566,11556673,-1
173,68957547,-1
1119,50276934,-1
1749,24779932,-1
411,52263168,-1
136,24336103,-1
1781,47736380,-1
1044,32651644,-1
113,58517012,-1
1918,41107086,1
519,32052808,-1
699,17850477,-1
1940,42922290,1
914,2458691,-1
846,62105689,-1
1566,48091466,-1
1119,15396297,-1
692,61282620,-1
471,27910959,-1
1119,26713130,-1
1140,4720482,-1
302,73624392,-1
692,43483213,-1
1950,42650066,-1
70,1577321,-1
1415,12022425,-1
1714,80340968,-1
914,1105432,-1
692,32675625,-1
686,74123553,-1
2118,53837149,-1
1842,21637710,1
1621,67463173,-1
748,59503459,-1
1201,1638041,-1
692,64434563,1
1925,13670269,-1
86,29597364,-1
212,4420108,-1
966,37847912,-1
231,37584059,-1
1468,62447448,-1
561,70822645,-1
846,35240455,-1
1171,71001130,-1
1931,48380159,-1
1605,11814490,-1
1918,31062496,-1
932,7425036,-1
692,25965449,-1
561,80684420,-1
692,63742407,-1
1202,23108982,-1
1119,27317862,-1
2013,41207815,-1
404,9977100,-1
1044,52363110,-1
191,51113520,-1
1530,19450036,-1
1291,18817788,-1
692,8370019,-1
1622,23105835,-1
966,71596846,-1
411,41945033,-1
1044,50394090,-1
117,55345405,-1
117,65034994,-1
98,67764950,-1
1044,24238560,-1
692,73733472,-1
1415,4768498,-1
1950,67798006,-1
191,68435780,-1
1379,13122775,-1
1335,8174552,-1
2118,48374226,-1
1119,64462464,-1
411,20173773,-1
846,75931427,-1
1201,47297253,-1
1819,68665257,-1
561,13960146,-1
411,51802957,-1
692,49556638,-1
846,61142734,-1
1468,68345169,-1
2013,79347325,-1
1254,53903822,-1
1377,52896777,-1
1023,2437196,-1
1377,26495014,-1
1468,70047798,-1
70,61889456,-1
302,43600615,-1
561,28272486,-1
939,78276382,-1
838,25910398,-1
1468,80899782,1
12,13949489,-1
302,43065549,1
692,3045957,-1
1017,40490700,-1
411,64193385,-1
1021,80295190,1
369,45126192,-1
1468,71002866,1
748,72463194,-1
692,22155477,-1
692,65394973,-1
1530,4537352,-1
404,56859668,-1
692,39780817,-1
1119,26535764,-1
471,52705169,-1
692,40840438,-1
1950,60699163,-1
1530,14592776,-1
1407,82187852,-1
1749,43748058,-1
1379,25957093,-1
1291,42088602,-1
1950,54518765,-1
70,32030907,-1
389,18537099,-1
450,28462489,-1
966,59880843,-1
191,71875014,-1
1468,30591382,-1
692,60936619,-1
692,75330959,-1
411,68164142,-1
311,21967298,-1
692,55146524,-1
727,35199130,-1
286,53653431,-1
1749,9053139,-1
1201,55748366,-1
411,70467958,-1
1119,71531875,-1
1415,78568070,-1
1918,74930390,-1
1468,60805680,-1
916,472556,-1
1714,15778485,-1
1379,71027941,-1
1790,9179948,-1
1468,22824958,-1
914,42545834,-1
1407,26647352,-1
1827,65549125,-1
1468,41112981,-1
1017,55417833,-1
1379,5824435,1
191,38550965,-1
1714,40781227,-1
2031,38934675,-1
561,7095546,-1
2201,33527188,-1
471,33747110,-1
369,2547501,-1
692,16575666,-1
692,42578305,-1
2031,36515048,-1
117,72478171,-1
1566,81750337,-1
1599,52741216,-1
1377,13094151,-1
70,16192505,-1
1496,19142350,-1
613,61478638,-1
2013,18203522,-1
939,79335121,-1
145,6478868,1
1201,63210288,-1
1566,56578237,-1
692,40545544,-1
1566,26879346,-1
1566,5844039,-1
2205,30023779,-1
121,68856842,-1
1291,65317635,-1
231,66500146,-1
1317,42845071,-1
1379,47701529,-1
2050,22353430,-1
411,64525720,-1
1379,34670480,-1
1605,68919608,-1
117,33520782,-1
692,14127011,-1
1530,47864496,-1
1894,66985153,-1
1291,7313912,1
1940,75373538,-1
1119,16725456,-1
1622,33846887,-1
70,56297536,-1
914,34259118,-1
1017,37612288,-1
411,41953988,-1
1530,60468903,-1
1291,79514951,-1
1918,67771261,-1
914,16915079,1
1119,21669527,-1
1605,47772941,-1
311,63906192,-1
1291,79324931,-1
1605,76437975,-1
231,5757405,-1
681,9410948,-1
1415,13827981,-1
136,14169797,-1
1021,14261958,-1
1021,65510275,-1
1119,35337682,-1
1415,4052561,1
1566,29543500,-1
792,40041647,-1
1918,3279776,-1
389,21668707,-1
411,52459392,-1
2050,72122282,-1
369,64534164,-1
1904,19797387,-1
792,12504029,-1
1044,27944362,-1
164,17752866,-1
1599,80300622,-1
432,29124560,-1
1291,65982844,-1
1407,79977408,-1
432,24540283,-1
561,78945890,-1
516,39588808,-1
1566,33424352,-1
914,11200879,-1
939,854563,-1
1017,58603167,-1
1503,41948364,-1
853,11561338,-1
1468,39868320,-1
12,30220176,-1
164,34831414,-1
2201,21650892,-1
70,76339211,-1
1284,33125197,-1
1017,34045457,-1
692,7737365,-1
411,7997389,-1
191,75739518,-1
692,76200390,-1
70,38780954,-1
117,66472418,-1
1714,48998566,-1
681,15552319,-1
1496,38453674,-1
1918,8782869,-1
1728,63219782,-1
1415,56538521,-1
1351,55385077,-1
1119,5714735,-1
692,12140252,-1
2118,37256220,-1
914,10598043,-1
1566,41402866,-1
1291,25879482,-1
411,37359195,-1
692,59525787,-1
1728,13162815,-1
2205,28540513,-1
1468,50579415,-1
916,15641747,-1
1468,13088947,-1
1566,49594105,-1
1119,42652438,-1
1530,11514415,-1
411,5059900,-1
1580,62346196,-1
792,34756558,-1
432,35178221,-1
519,62371148,-1
1291,55809162,-1
191,12181060,-1
846,18915574,-1
411,81998355,-1
432,63274053,-1
1201,77898355,-1
1827,74919512,1
1140,10837817,-1
136,57135790,1
692,25341605,-1
1468,79428570,-1
311,27321276,-1
411,14584356,-1
692,65166651,-1
302,110800,-1
932,27227649,-1
302,74183298,-1
519,25343850,-1
692,79119587,-1
1566,49382287,-1
681,51723294,-1
1468,52766196,-1
561,18837063,-1
1749,20674732,-1
404,27307229,-1
692,80537355,-1
1415,61283649,-1
1468,81328143,-1
1415,45433148,-1
1819,12019274,-1
1291,69213939,-1
2031,15859911,-1
2031,65793382,-1
914,47046214,-1
173,22726485,-1
336,57960711,-1
1468,60683700,-1
692,74088535,-1
1950,9850879,-1
1596,7200515,-1
1017,46175893,-1
432,33333792,-1
1728,77195856,1
727,31465506,1
191,82173639,-1
561,55237040,-1
1119,18737377,-1
613,69287617,-1
1566,70042720,-1
561,42953070,-1
432,79301325,-1
2118,1624913,-1
1749,75889074,-1
411,15203617,-1
1496,56464761,-1
1291,23667004,-1
1407,51932902,-1
1291,45502431,-1
1291,39873701,-1
1291,64134937,-1
1254,70590037,-1
692,54086340,-1
1017,64372096,-1
692,70052820,-1
1728,49359518,-1
302,31606569,-1
914,61546970,-1
432,28092222,-1
692,40210217,-1
1918,64830537,-1
846,13847196,1
1507,12532375,-1
1415,30609891,-1
1407,24177347,-1
543,66458766,-1
1017,76710616,1
1379,736205,-1
1596,46059862,-1
561,43124678,1
932,72454347,-1
1119,28438824,-1
1622,58165278,-1
1407,7912873,-1
1415,67882282,-1
117,70497814,-1
404,43091775,-1
70,66440311,1
2031,56437451,1
1566,9743433,-1
1716,63905201,-1
2068,16185174,-1
1317,51115144,-1
914,13223252,-1
302,34409202,-1
432,10375922,-1
1605,78715345,-1
692,9473086,-1
191,47786549,-1
231,9211023,-1
286,3123667,-1
1566,22884878,-1
1021,61487077,-1
1468,73541182,-1
699,30919640,-1
1407,44898061,-1
1027,37811290,-1
561,24717833,-1
471,82125880,-1
1468,64309484,-1
389,14181109,-1
2118,81466423,-1
212,33110618,-1
1512,25017403,-1
1596,23801095,-1
1781,45037857,-1
692,30663980,-1
1415,72002545,-1
1672,72891315,-1
1338,67404240,-1
894,46067254,-1
98,21882733,-1
1119,24190480,-1
1950,1945449,-1
121,19282270,-1
561,22311175,-1
1468,48213978,-1
1503,7352737,-1
1119,75101571,-1
1918,43321312,-1
914,56667467,-1
191,25704223,-1
903,3639253,-1
692,79783209,-1
932,13693933,-1
191,51582564,-1
1918,27821535,-1
1338,38339851,-1
2044,78207352,-1
692,25135790,1
2112,10919952,-1
136,4604438,-1
692,74580697,-1
916,61838573,-1
231,23855962,-1
1918,50126180,-1
389,73554973,-1
191,45610688,-1
12,32672359,-1
2050,41536205,-1
311,727107,-1
1415,60726581,-1
1599,73314975,-1
411,22307735,-1
1119,56595363,-1
411,10605371,-1
411,34648054,-1
1781,27048940,-1
692,33573019,-1
1119,58893524,-1
1017,62393471,-1
1291,37812643,-1
1119,33111807,-1
692,52085263,-1
1605,48454405,-1
903,40528186,-1
1605,72014014,-1
1021,35512484,-1
1291,3645742,-1
727,64298840,-1
1379,73706572,-1
191,81756131,-1
1044,74782157,-1
1291,15026334,-1
1468,30134156,-1
681,60116543,-1
624,72738106,-1
1635,15926553,-1
1449,63123571,-1
1841,41631779,-1
432,38793011,-1
1496,35252438,-1
886,77013488,-1
561,14520137,-1
692,37352255,-1
432,81659080,-1
1023,10623084,-1
1566,71832819,-1
1379,76328438,-1
272,60068890,-1
692,47612816,-1
1918,6552824,-1
966,28706432,-1
191,33187850,-1
846,39283443,-1
1918,38470588,-1
1119,56346345,-1
173,71013345,-1
70,57129964,1
1749,23821821,-1
369,1317205,-1
1566,52542557,-1
1379,70247382,-1
916,77303079,-1
1930,75500912,-1
191,11148890,-1
1468,28815679,-1
1415,6189714,-1
561,22614508,-1
191,6970222,-1
1918,55935860,-1
1596,21582189,-1
2118,59533849,-1
1027,35036295,-1
916,49021334,-1
561,5933203,-1
98,47832083,-1
692,36591918,-1
411,70767448,-1
1338,69288349,-1
692,76022699,-1
914,18176387,-1
1605,40417840,-1
1230,30274359,-1
543,12309934,-1
1940,64295609,-1
725,70462820,-1
914,78897010,-1
70,34635661,-1
916,36022139,-1
1596,73317268,-1
432,19337764,-1
2013,70803497,-1
1530,12903317,-1
411,73523959,-1
1449,43268714,-1
117,30070429,-1
1254,74125252,-1
191,39872363,-1
1119,39673417,-1
1728,49968786,1
1566,4913610,-1
136,3957609,-1
1044,72057386,-1
1415,41445013,1
1918,22504341,-1
1201,52954870,-1
1407,80804390,-1
1781,71257867,-1
516,17808489,-1
561,50098985,-1
914,22029381,-1
191,26308459,-1
74,39359549,-1
1566,72761990,-1
846,17669087,-1
1017,29062494,-1
1379,1183418,-1
1119,63235425,-1
1671,34544675,-1
1508,57615732,-1
1119,61565297,-1
117,52263485,-1
369,2874686,-1
1605,6244991,-1
1201,48627085,-1
411,17458767,-1
561,78325989,-1
1468,36523571,-1
1635,70940091,1
411,58534394,-1
1291,68007829,-1
1714,44441782,-1
1468,58864917,-1
1918,9065353,-1
212,12477272,-1
117,66180322,-1
411,50427179,-1
145,8100469,-1
70,13704479,-1
1119,54863855,-1
1415,64627055,-1
1201,57969529,-1
70,67297406,-1
1605,50557718,-1
543,27961254,-1
727,80090547,-1
231,63861847,-1
561,78184945,-1
2112,45940357,-1
411,4472398,-1
1415,29762042,-1
688,26772584,-1
624,20832733,-1
2201,10867496,-1
727,38199038,-1
692,17623479,-1
1023,1283384,-1
311,53391070,-1
1468,39517642,-1
692,16017621,-1
1017,43260049,-1
1407,32236466,-1
1017,23013909,-1
1415,8397830,-1
70,46824431,-1
1375,33913258,-1
2048,24526285,-1
1716,15881470,-1
692,44229401,-1
1027,37721005,-1
212,49079839,-1
692,40135920,-1
1291,8487862,-1
212,13557951,-1
975,44504671,-1
1468,31703106,-1
519,78266089,-1
1605,21904726,-1
1291,377902,-1
1379,76740113,-1
1379,32119901,-1
2050,73978729,-1
1605,31693308,-1
1119,12009623,-1
1407,52684636,-1
692,65450678,-1
1728,17250732,-1
1508,59521804,-1
692,75319547,-1
70,45182435,-1
914,80329492,-1
792,57411782,-1
2118,5501814,-1
692,77355336,-1
369,50953737,-1
914,42552589,-1
389,19650529,-1
1904,78541138,-1
136,53996912,-1
411,77558441,-1
70,30653135,-1
2031,56186843,-1
2154,9374541,-1
231,27216795,-1
692,2005814,1
1940,62538644,-1
2031,71809335,-1
1468,19453184,-1
411,52123249,1
1415,55871679,-1
2048,71140810,-1
1781,47642753,-1
411,1468093,-1
1918,30349297,-1
1918,33601625,-1
1749,80578120,-1
1871,66121031,-1
411,54996277,-1
1407,48629641,-1
311,82118275,-1
1119,21703278,-1
1119,41392466,-1
432,14930034,-1
1781,81234574,-1
748,55257773,-1
336,71807847,-1
914,66480843,-1
432,52163770,-1
1468,39291304,-1
561,34959573,-1
1508,26340559,-1
1119,70928844,-1
369,4018626,-1
1017,6232913,-1
1566,76339014,-1
914,34005808,-1
692,17776754,-1
1023,19062108,1
411,48198693,-1
113,61877868,-1
191,3206762,-1
1291,39341214,-1
692,18673342,-1
914,64634478,-1
1375,68613113,-1
692,5169474,-1
336,59038467,-1
914,19187294,-1
846,37381273,-1
411,79396394,-1
1512,28004570,-1
1201,16663852,-1
1338,67147236,-1
886,64505372,-1
1918,36428022,-1
1468,21233974,-1
70,25801528,-1
1379,35221336,-1
1202,29682744,-1
1530,72877188,-1
1841,60469098,-1
1021,9672052,-1
916,73587175,-1
117,71478744,-1
206,4907956,-1
191,46700010,-1
1379,8873668,-1
1918,45965104,-1
561,35412527,-1
561,61006149,-1
471,38068181,-1
70,33310698,-1
411,26957451,-1
1415,19649785,-1
302,18516957,-1
1407,78402223,-1
1728,7818255,-1
1566,19081219,-1
1468,24016112,-1
191,74024249,-1
561,15099431,-1
2048,42334320,-1
18,66633456,-1
1291,19571277,-1
1291,71646455,-1
191,37483871,-1
1950,22925359,-1
302,26697636,-1
1254,44798603,-1
1291,81513806,-1
1201,81676876,-1
1496,59172854,-1
1781,69545983,-1
74,30530350,-1
2050,65256708,-1
519,21918399,-1
846,2944087,-1
916,20970334,-1
411,74647338,-1
1415,24809074,-1
471,29555052,-1
692,50817943,-1
725,54555566,-1
686,8220849,-1
647,64466501,-1
1716,1011662,-1
748,34083141,-1
692,63848832,-1
1202,10754080,-1
2201,21410413,-1
1407,71977455,-1
1182,58373063,-1
1317,47953673,-1
1566,58338091,-1
411,58911868,-1
1468,62818199,-1
1375,43184123,-1
914,53605536,-1
1918,62688600,-1
1714,40139209,-1
543,63040805,-1
191,27965868,-1
1119,17269463,-1
1605,78290364,-1
411,43421039,-1
2013,41156693,-1
1716,73778816,-1
1377,46399438,-1
2013,71057260,-1
1317,45282309,-1
1291,46018901,-1
688,47022030,-1
311,12501391,-1
692,28405173,-1
1468,19003162,-1
792,55051303,-1
1728,75017556,-1
1468,62939243,-1
1508,762004,-1
1291,82476034,-1
692,37787828,-1
914,64055509,-1
471,13863014,-1
2031,64657371,-1
1918,54318367,-1
765,31076686,-1
1377,76451062,-1
1530,36725709,-1
1599,61189649,-1
311,66608153,-1
853,34102638,-1
853,1080816,-1
1119,68296171,-1
1991,44728127,-1
1530,11667988,-1
1119,11033686,-1
692,8910337,-1
1379,52075765,-1
916,55070410,-1
1119,49767523,-1
191,38355905,-1
191,303647,-1
1215,1051110,-1
411,13474191,-1
692,72911274,-1
1622,37289340,-1
2031,40470094,-1
1468,21835711,-1
369,74290393,-1
1468,82421252,-1
145,8810606,-1
561,45753859,-1
692,63083883,-1
692,4543031,-1
1728,41602883,-1
1291,2675789,-1
1254,78529224,-1
692,16979527,-1
914,21456634,-1
1871,62416901,-1
136,69390967,-1
748,66540181,-1
725,20676640,-1
765,9804052,-1
411,74924073,-1
647,46755075,-1
846,36745945,-1
727,70555029,1
1017,3677483,-1
1918,23425794,-1
1375,14399978,-1
12,13771182,-1
916,9707468,-1
231,81533730,-1
212,9867461,-1
191,57174488,-1
70,74815710,-1
1918,7049092,-1
389,6171439,1
1827,62962681,-1
145,12904239,-1
966,72318243,-1
404,67561857,-1
2205,36472394,-1
1291,1810709,-1
1350,57834899,-1
886,40472284,-1
688,30173050,-1
1605,62128855,-1
1746,61005887,-1
2013,14969873,-1
1119,49600363,-1
561,14571028,-1
725,55559550,-1
1317,3647183,-1
1415,63192006,-1
692,80821679,-1
411,80962465,-1
286,38617169,-1
853,81383318,-1
561,4565896,-1
727,5504811,-1
1483,80436474,-1
74,43849005,-1
1017,60679457,-1
1841,56833686,-1
561,9429088,-1
404,4548658,-1
1182,9861047,-1
1468,78418767,-1
1407,66883736,-1
1508,55554018,-1
1566,8034304,-1
136,15566743,-1
660,24324310,-1
420,82480066,-1
1918,31130588,-1
894,70286333,-1
1530,36164287,-1
916,15724117,-1
2066,56476796,-1
1530,17123351,-1
411,23057421,-1
561,79423710,-1
914,42686388,-1
369,36758291,-1
1781,73710274,-1
432,69561059,-1
1530,15328599,-1
1254,9049383,-1
561,21533734,-1
1407,80061481,-1
411,45474802,-1
191,22649654,-1
1483,34403385,-1
311,6178668,-1
336,73415843,-1
1918,6341644,-1
411,43773695,-1
191,19603013,-1
1017,31509855,-1
1468,28156149,-1
1530,82491799,-1
1596,44977273,-1
1605,66281792,-1
2031,2381305,-1
692,79393719,-1
1781,28568415,-1
692,37401210,-1
1291,31978985,-1
1950,20180561,-1
916,69534037,-1
311,78762922,-1
369,7892119,-1
1716,17184042,-1
231,79511688,-1
692,46106499,-1
1605,22367664,-1
1449,26437103,-1
561,64288009,-1
70,42083664,-1
1291,29486665,-1
692,59255297,-1
1119,6843782,-1
411,55600995,-1
1119,44813565,-1
1496,58383207,-1
725,49219692,-1
1468,12107153,1
1566,76356126,-1
1566,75285226,-1
1119,80957572,1
1904,42142898,-1
692,74371296,-1
960,64163771,-1
914,19158526,-1
1605,25805281,-1
692,60418760,-1
121,17851595,-1
1377,44509269,-1
411,17408101,-1
765,10221160,-1
1714,67486239,-1
1530,69217639,1
692,40840256,-1
1918,25611771,-1
313,82263576,-1
1415,62527606,-1
1918,15451055,-1
389,4807717,-1
2031,70052744,-1
136,28729536,-1
1468,57363194,-1
7,67636893,-1
1119,52971425,-1
561,45256981,-1
1950,3553418,-1
389,62519382,-1
1468,72140027,-1
1904,40556080,-1
436,46218971,-1
1254,34011021,-1
1415,30506589,-1
1566,43749693,-1
1749,66525548,-1
1749,70846176,-1
1407,6641997,-1
206,49611559,-1
1171,79828103,-1
1017,54283990,1
1635,33037277,-1
562,1454363,-1
543,80816940,-1
1171,72868284,-1
2068,33212022,-1
853,77022302,-1
1468,20900101,-1
1284,44786332,-1
2118,62175373,-1
70,4100588,-1
369,17279463,-1
1940,73583330,-1
1254,18837328,-1
792,47530977,-1
70,6794067,-1
1338,27221251,-1
2013,67932310,-1
74,34037251,-1
6,73607178,-1
212,42948632,-1
1415,40906159,-1
1749,56633247,-1
432,79580933,-1
432,80077967,-1
1918,78201464,-1
1566,77297393,-1
692,26115621,-1
12,7729593,-1
2112,45289506,-1
389,81680400,-1
1119,51989489,-1
432,16653924,-1
2013,23554779,-1
411,23057475,-1
70,6323946,-1
2031,73898020,-1
1415,23472132,-1
191,16075648,-1
1530,20049848,-1
136,34847010,-1
206,26502765,-1
7,73238390,-1
2118,23996114,-1
173,2402865,-1
411,60308855,-1
561,62472831,-1
1714,28883352,-1
1530,62511064,-1
692,72534422,-1
404,50174826,-1
692,47883403,-1
1512,66929594,-1
1107,20948246,-1
977,55719304,-1
70,48946099,-1
302,43615725,-1
561,76920590,-1
692,27276355,-1
1714,69384105,-1
411,78785522,-1
1566,34894201,-1
1468,49694994,-1
70,79566999,-1
1716,6565796,-1
681,59980071,-1
2118,15123306,-1
561,77605183,-1
212,11860714,-1
1379,39870395,-1
692,13414197,-1
420,35747374,-1
7,48357345,-1
1596,34043313,-1
1119,80630435,-1
725,37087014,-1
846,59629507,-1
1468,4925890,-1
1918,13549765,-1
1530,24289754,-1
561,19120804,-1
692,12484036,-1
1415,74132885,-1
2031,77532022,-1
1119,27536625,-1
70,67281304,-1
369,36839990,-1
191,33616898,-1
2013,13177034,-1
1291,50062058,-1
1140,1172883,-1
2050,54357589,-1
2031,56880626,-1
1827,61706869,-1
1119,54513185,-1
1566,33228023,-1
231,41606537,-1
1375,75675341,-1
1918,5947522,1
136,3907394,-1
692,47522722,-1
1201,44573924,-1
1918,6636031,-1
1566,69817556,-1
411,79619119,-1
1950,70828490,-1
117,53802031,-1
1407,50083999,1
1950,17515948,-1
1291,33631716,-1
1566,57468064,-1
561,20866659,-1
1781,23872825,-1
1622,67537351,-1
1140,24579716,-1
692,11151448,-1
692,2491123,-1
1749,49567519,-1
1507,79396087,-1
846,26337410,-1
173,31068873,-1
411,73645338,1
369,80581497,-1
765,19260266,-1
1940,69229936,-1
914,42732108,-1
1468,66621584,-1
1377,14263813,-1
1605,54181873,-1
561,70382243,-1
561,49242165,-1
692,23754400,1
792,16041116,-1
173,20094330,-1
121,60517563,-1
1021,2881615,-1
1566,1692470,-1
1379,73666238,-1
98,67556679,-1
966,73285722,-1
117,40578882,-1
454,68949727,-1
1605,20512370,-1
2054,5144139,-1
1215,54969109,-1
1605,25960059,-1
914,56028964,-1
1468,5241030,1
1566,42497636,-1
1904,60763558,-1
914,2191797,-1
699,75746883,-1
145,79400864,-1
725,65677094,-1
1119,30233287,-1
671,73028878,-1
1468,65055253,-1
977,41357123,-1
1468,43751177,-1
1023,17448348,-1
914,45860410,-1
1119,67600523,-1
2054,8222566,-1
70,10539410,-1
977,31891833,-1
1468,45430258,-1
1375,33000827,-1
1918,18262538,-1
1415,417495,-1
404,22262083,-1
1377,37028133,-1
1291,57557253,-1
1918,50243313,-1
1415,58637175,-1
1379,31088342,-1
916,17018672,-1
1530,26094738,-1
692,42428264,-1
1415,16609670,-1
1621,36482682,-1
74,37992345,-1
411,63594189,-1
561,30212024,-1
692,77004281,-1
1508,32396535,-1
1496,46729237,-1
1468,54187040,-1
145,73645951,-1
411,50240202,1
411,81689392,-1
1379,60789383,-1
411,943716,-1
113,24060311,-1
692,364956,-1
1918,81231595,-1
411,22961212,-1
191,42721189,-1
212,11620467,-1
1605,73898778,-1
1415,2881845,-1
1749,49345169,-1
1940,9781081,-1
145,18928434,-1
1962,15405385,-1
1918,36271816,-1
2201,28704801,-1
1415,9760122,-1
1635,47350937,-1
939,77959976,-1
561,73840355,-1
1415,49454371,-1
369,26506265,-1
471,29906130,-1
1201,56165906,-1
1749,12414202,-1
927,2459781,-1
792,19059262,-1
1918,69194652,-1
1635,19833344,-1
543,67680921,-1
389,34462490,-1
1291,50432817,-1
2013,74257231,-1
1827,44424526,-1
1202,50827877,-1
727,9486411,-1
1749,8823687,-1
454,11805649,-1
1918,56590101,-1
1375,43969942,-1
432,152854,-1
916,3637754,-1
914,23678142,-1
699,46633736,-1
2201,51099327,-1
1119,47254295,-1
846,24850439,-1
1468,34471462,-1
411,61147282,-1
1415,66729358,-1
1605,770542,-1
1530,23097225,-1
914,32204075,-1
2201,51542362,-1
1622,73169525,-1
2048,65215565,-1
1566,41876236,-1
286,44430359,-1
1023,59392611,-1
1291,19922212,-1
411,33606519,-1
302,33790342,-1
411,19553390,-1
191,23906557,-1
74,2851382,-1
2054,75154016,-1
1950,55227540,-1
2118,22975946,-1
1635,70866195,-1
191,73195499,-1
2031,46314437,-1
313,29595650,-1
1605,81160691,-1
2013,5910260,-1
191,45376334,-1
916,79972684,-1
1407,34871428,-1
18,27895721,-1
12,10473601,-1
12,8114261,-1
1819,29806282,-1
1338,17117901,-1
688,61322902,1
1716,40923970,-1
916,53874678,-1
1957,75851992,-1
692,42803324,-1
1449,74885999,-1
846,13581318,-1
1291,15962411,-1
1254,9361375,-1
411,10441447,-1
1749,33514934,-1
748,77080107,-1
1468,41818314,-1
561,2254173,-1
1566,17421767,1
404,28321357,-1
1508,42282604,-1
1749,32650323,-1
173,68270324,-1
369,38517849,-1
2031,20343309,-1
2154,23514701,-1
86,29527814,-1
1918,77556277,-1
231,32758899,-1
916,4736646,-1
1119,66626226,-1
1338,52597874,-1
1781,41328844,-1
136,26747923,-1
1119,63273539,-1
7,7616009,-1
1291,62463420,-1
914,38283154,-1
313,64116592,-1
70,27061618,-1
117,1284351,-1
369,48335411,-1
966,24244188,-1
191,70304524,-1
311,13819838,-1
1407,14821718,-1
2154,79032618,-1
1291,42663425,-1
894,47034312,-1
1377,2619583,-1
1605,7814192,-1
70,43243724,-1
389,762539,-1
1415,75917985,-1
561,22576651,-1
1530,41839979,-1
624,21905851,-1
2031,66444959,-1
1407,28829521,-1
136,8434901,-1
1468,11966624,-1
2118,71379158,-1
212,48863574,-1
117,47257996,-1
231,44155165,-1
543,8702315,-1
70,9426787,-1
1468,80659294,-1
1635,54705669,-1
1781,59114928,-1
914,24098153,-1
561,19723362,-1
136,4793967,-1
966,72507755,-1
1291,41885066,-1
1407,62271026,-1
411,70375208,-1
543,40855815,-1
1468,32484803,-1
1119,21230678,-1
846,63457595,1
914,77100219,1
471,64646901,-1
1317,69383362,-1
792,68696530,-1
1566,20469528,-1
699,81016120,-1
2048,50641691,-1
561,15195129,-1
1201,3070025,1
1017,14269658,-1
1622,40217413,-1
1918,58046097,-1
1950,4222044,-1
1605,28480741,-1
1918,65820408,-1
1449,26343673,-1
1605,2909836,-1
765,5839686,1
529,17247237,-1
561,38871735,-1
1291,14574987,-1
1468,40923490,-1
853,413942,-1
432,25555658,-1
561,22681775,-1
1291,58296179,-1
765,57571566,-1
70,28777600,-1
1468,32580792,-1
1119,9058708,-1
692,59983878,-1
846,45146351,-1
1407,46071700,-1
2118,26221730,1
1338,52010867,-1
1468,2365743,1
2050,80742207,-1
1605,78383092,-1
1468,46557524,-1
1119,10376229,-1
1714,64094614,-1
1291,3406518,-1
1716,55398909,-1
699,46536596,-1
1790,743162,-1
914,48987908,-1
1017,4116847,-1
121,53417248,-1
74,5688253,-1
136,38789033,-1
411,51788598,1
1468,27055901,-1
692,14221628,-1
1291,69972394,-1
1377,1661327,-1
454,23419776,-1
1530,10819050,1
1781,48397854,-1
1023,13248044,-1
1918,27751753,-1
12,10590959,-1
404,10676088,-1
692,69625848,-1
117,21692899,-1
692,26757350,-1
1254,65145490,-1
1415,12263617,-1
1962,52664429,-1
1284,2704157,-1
1119,33925697,-1
1622,72473756,-1
1415,26242223,-1
748,45846216,-1
1605,78565481,-1
765,9483485,-1
70,13112898,-1
2112,60636879,-1
2031,42734122,-1
389,27401399,-1
212,20366899,-1
1415,50625780,-1
765,18605197,-1
1379,70721001,-1
1254,62665720,-1
136,2212934,-1
561,31541534,-1
173,14725755,1
436,39021845,-1
117,46313489,-1
1728,45829181,-1
2197,14567684,-1
1827,29357132,-1
191,74203469,-1
1415,80825968,-1
117,81099621,-1
191,38919483,-1
1291,62598843,-1
692,21633536,1
916,4155274,-1
389,60601019,-1
1291,48824142,-1
1894,8486850,-1
1291,12413390,-1
914,51651249,-1
1950,3396935,-1
916,19183537,-1
561,65282223,-1
1254,55071443,-1
1291,22656863,-1
1496,2986110,-1
914,8629577,-1
1140,64752290,-1
1017,50106491,-1
1749,13046198,-1
1566,47492011,-1
727,54005287,-1
932,61501680,-1
561,56510140,-1
70,27979381,-1
792,49340660,-1
1291,44103102,-1
1377,51637862,-1
1483,45800168,-1
1728,24351727,1
2031,43233575,-1
432,15729488,-1
411,55175197,-1
191,33209202,-1
369,14541738,-1
369,66269277,-1
1379,15081226,-1
846,82503046,-1
1230,14364886,-1
624,72485470,-1
1918,12708977,-1
164,76462124,-1
916,20890485,-1
74,11344080,-1
432,790980,-1
1119,1711974,-1
692,20740461,-1
561,68066438,-1
692,20293546,-1
2118,26025649,-1
1918,47954664,-1
411,78590741,-1
2031,74134623,-1
411,55407277,-1
692,71996631,-1
543,18455492,-1
191,12923791,-1
846,7152158,-1
1119,32181597,-1
411,51594370,-1
1215,375063,-1
846,19607,-1
529,58928020,-1
286,29799498,-1
117,77557586,-1
117,57427117,-1
12,68420911,-1
231,42969315,-1
1107,44713192,-1
311,42127940,-1
1566,34029836,-1
914,39096075,-1
70,19419468,-1
1085,50852007,-1
748,70823795,-1
1291,10268652,-1
1468,76247589,-1
432,14453159,-1
2031,548103,-1
1468,58370163,-1
1201,44736165,-1
561,74750439,-1
1468,57668263,-1
1415,81746619,-1
2031,39648411,-1
1468,71711206,-1
1415,72702305,-1
2031,8369311,-1
2054,38648411,-1
2205,26530775,-1
191,11477852,-1
369,64977377,-1
1714,62773474,-1
173,21679011,-1
1940,74930630,-1
1507,77510953,-1
1377,22214118,-1
302,22950690,-1
692,41146679,-1
792,69226275,-1
916,61607784,1
117,52053884,-1
692,60663587,-1
2118,36968192,-1
1512,53900587,-1
369,36002512,-1
1201,46318573,-1
1566,81109723,-1
311,18504681,-1
1468,26000394,1
561,34577742,-1
1254,68030780,-1
1918,62152728,-1
1468,70637381,-1
1950,1807811,-1
660,14347256,-1
206,35453046,-1
411,6664733,-1
916,26565168,-1
2154,64913544,-1
692,72284080,-1
1530,28997707,-1
1566,44116854,-1
1379,49831859,-1
206,43191366,-1
2031,75180516,-1
369,20363036,-1
1284,47061378,-1
206,58858589,-1
1622,34708920,-1
1350,56410449,-1
1338,48889579,-1
2118,69924324,-1
369,14760577,-1
1918,50293145,-1
231,49654524,-1
1716,70951278,-1
1566,44417217,-1
1468,32980027,-1
1291,8949501,-1
136,17408887,-1
561,2802064,-1
692,79197916,-1
411,12163579,-1
121,41722015,-1
966,22287377,-1
389,32712057,-1
1749,59721812,-1
1605,77795737,-1
389,82378102,-1
966,6305857,-1
411,17952409,-1
174,52011720,-1
1468,20948619,-1
1714,64612050,-1
2054,67351210,-1
692,22314656,-1
1335,44160603,-1
1468,67591661,-1
916,43288816,-1
1566,62481602,-1
692,50185497,-1
117,45131236,-1
1596,5440516,-1
1827,74351879,-1
561,65534707,-1
212,47034064,-1
686,58913904,-1
2013,28008606,-1
117,45407553,-1
1407,21768453,-1
914,65003938,-1
2118,41202008,-1
212,6767687,-1
1716,67768200,-1
1622,39782381,1
916,8325601,-1
2031,43514876,-1
2118,25311207,-1
725,27334285,-1
389,80112418,-1
792,65800487,-1
613,78826989,-1
914,40055820,-1
1918,23948231,-1
1119,50848229,-1
1468,26275369,-1
411,38608229,-1
1904,9643418,-1
389,56686346,-1
1468,5251494,-1
692,55415451,-1
1468,36912260,-1
1291,40937870,-1
1291,56455858,-1
692,33841362,-1
1468,34415614,-1
191,13899709,-1
1950,33519140,-1
1468,3489431,-1
1415,75367433,-1
1468,47966840,-1
191,55003952,-1
1622,663581,-1
191,70926860,-1
2044,35699391,-1
1716,15292222,-1
1021,25276423,-1
966,30267728,-1
1950,47221572,-1
1375,33126693,-1
1749,56952741,-1
1119,15531307,-1
1415,42261396,-1
70,21293356,-1
1291,67242713,-1
2066,62437833,-1
2013,8187356,-1
411,73933031,-1
1407,67920179,-1
692,14468182,-1
70,20951439,-1
174,23967578,-1
1017,4677159,-1
1017,40696309,-1
1621,21879142,-1
1021,12695250,-1
561,24328075,-1
1377,24472904,1
519,63856505,1
1957,20706831,-1
411,46746545,-1
543,79753177,-1
1119,55094177,-1
1291,19059399,-1
1027,16183385,-1
748,21624423,-1
86,45651264,-1
145,30046407,-1
692,64993943,-1
1254,32138061,-1
966,832251,-1
74,49597141,-1
1119,20193002,-1
692,34194539,-1
692,78066869,-1
792,14234562,-1
1017,78912131,-1
1841,80086736,-1
692,4083358,-1
1023,51709993,-1
1605,75055458,1
1496,56502462,-1
692,7448789,1
1119,45085939,-1
136,44722997,-1
70,7369015,-1
70,80534947,-1
1415,12787359,-1
561,1707321,-1
1407,38173020,-1
411,46926898,1
846,48375105,-1
914,59867277,-1
692,55312008,-1
1468,23618633,-1
2118,32154460,-1
894,75940013,-1
1291,58083190,-1
1910,13022183,-1
117,75043225,-1
311,21084922,-1
692,77134092,-1
914,65452783,-1
1970,66867837,-1
117,66722553,-1
519,37437783,-1
411,64309337,-1
846,58315677,-1
914,45814246,-1
1918,65409914,1
1918,5882923,-1
692,74160282,-1
916,568053,-1
1847,64888946,-1
914,52462906,-1
1017,2591993,-1
231,18507797,-1
1119,61879701,-1
960,71708598,-1
699,79594977,-1
1119,76518990,-1
113,17410098,-1
121,44589132,-1
1468,73329647,-1
136,8186090,-1
1027,20382163,-1
2031,438462,-1
2031,22399110,-1
411,26490580,-1
1827,7898646,-1
1904,11006614,-1
1827,43424782,-1
173,48059820,-1
432,51103586,-1
1415,20668118,-1
1254,70346872,-1
411,34038201,-1
939,494548,-1
1918,74023559,-1
70,59840924,-1
12,54943581,-1
1338,49663760,-1
1291,3838630,-1
916,27838049,-1
2118,10598239,-1
231,57138236,-1
191,3192822,-1
692,65223054,-1
1931,11648722,-1
1291,35061661,-1
191,36372374,-1
411,25740726,-1
1950,4686922,-1
136,41533285,-1
1605,4702426,-1
206,35985740,-1
727,9116869,-1
1119,17005383,-1
136,6975845,-1
1017,28271920,-1
1962,5275174,-1
12,49223261,-1
2197,37814628,-1
1468,69098566,-1
748,28456516,-1
543,16269738,-1
1728,48796287,-1
369,73584060,-1
231,42400001,-1
914,16665409,-1
1119,63631976,-1
1415,80015987,-1
212,48182292,-1
748,67717123,-1
1119,67956340,-1
692,10764596,-1
1918,52140703,-1
529,28989443,-1
1415,31516435,-1
411,7089439,-1
2013,5065752,-1
529,40113661,-1
916,79891868,-1
1781,64177587,-1
74,35278957,-1
886,5241435,-1
86,79158219,-1
1468,29532616,-1
411,48303815,-1
420,5831465,1
404,65002871,-1
692,15532773,-1
174,75510882,-1
1254,13984379,-1
916,6180871,-1
1781,77952426,-1
1781,79385875,-1
765,78632453,-1
1119,46183450,-1
1215,56703785,-1
561,42434325,-1
846,43949701,-1
1350,7530113,-1
1379,53831895,-1
1950,27362987,-1
1605,8953598,-1
411,26594126,-1
1291,60149877,-1
686,81852931,-1
1291,54479728,-1
1940,74816209,-1
1017,81312436,-1
1468,29431959,-1
1566,77355218,-1
411,66452721,-1
2047,51960416,1
1468,53215664,-1
1530,19461756,-1
2047,30520746,-1
1605,63381583,-1
1377,77986726,-1
1605,13182476,-1
1605,62651479,-1
692,48389475,-1
1918,79524838,-1
70,75445470,-1
1119,16541593,-1
1291,56529968,-1
1918,40581661,-1
1291,14909751,-1
2013,30560706,-1
1508,40969190,-1
1291,59957038,-1
1202,54104520,-1
311,17970587,-1
914,46292834,-1
692,17680774,-1
692,79659652,-1
411,42626954,1
1291,75536334,-1
2031,59919396,-1
2169,37101278,-1
1377,35765908,-1
311,23804443,-1
1950,78491998,-1
725,6310722,-1
1291,39903150,-1
1530,20964444,-1
1827,47103307,-1
914,62062643,-1
411,68024328,-1
1119,57550622,-1
411,76526720,-1
561,41211400,-1
1291,22722942,-1
1021,2442848,-1
136,38927662,-1
1503,44656581,-1
1991,57237743,-1
1566,41107156,-1
369,39129723,-1
1379,79294325,-1
1119,14104629,-1
191,9934646,-1
2013,11586582,-1
1338,65075621,-1
1338,46065737,-1
1021,55728442,-1
1468,45039191,-1
692,76557745,-1
1119,57523398,-1
12,26427373,-1
12,57406568,-1
846,40623979,-1
173,40887757,-1
2154,15567473,-1
692,42455433,-1
191,42935445,-1
1940,9221478,-1
1119,22911257,-1
2031,29333692,-1
70,42820607,-1
1827,73554128,-1
561,47030561,-1
432,43442675,-1
411,23695246,-1
725,12619563,-1
1950,66950039,-1
411,68592545,-1
136,33491189,-1
191,33179686,-1
914,40865408,-1
191,76835421,-1
1622,73280912,-1
74,75597446,-1
1605,74821637,-1
12,47071817,-1
1930,4644498,-1
404,56907391,-1
454,74769897,-1
1407,38966679,-1
1781,36899856,-1
2013,52087031,-1
1119,57132418,-1
1728,57533982,-1
1119,17258675,1
1202,58346645,-1
191,60401716,-1
914,10335790,-1
12,54769399,-1
1379,59751371,-1
1291,73756344,-1
1530,61964237,-1
1171,52781684,-1
1566,82541119,-1
369,53638049,-1
561,63498711,-1
1483,59342214,-1
692,48628961,-1
927,73933556,-1
2112,24864812,-1
561,35950979,1
914,50002521,-1
1291,185498,1
1377,8580274,-1
692,17184615,-1
1918,66201706,-1
389,65009370,-1
914,12330610,-1
1119,60868769,-1
145,17452326,-1
1566,51589758,-1
404,65475824,-1
1468,20580728,-1
1415,68668398,-1
1621,12164866,-1
136,25368436,-1
686,67308106,-1
727,58685882,-1
1918,68802297,-1
2031,27314658,-1
1468,3135849,-1
1407,29171772,-1
272,71638120,-1
1483,56467295,-1
692,4098838,-1
692,44214851,-1
404,21287767,-1
173,66360714,-1
624,79232998,-1
231,24702532,-1
1605,5970835,-1
1317,12260514,-1
191,12139856,-1
1950,66439396,-1
1415,35081676,-1
624,22540522,-1
191,71041392,-1
2013,4037648,-1
1291,35480521,-1
914,51313385,1
1201,4589404,-1
1871,63132036,-1
286,9296578,-1
173,37933611,-1
286,71003489,-1
1918,82498154,1
1377,45265150,-1
1746,56115534,-1
1375,49991982,-1
1284,19437974,-1
792,52904312,-1
692,80474673,-1
1749,37778056,-1
692,40351388,-1
1379,26250882,-1
1429,20782201,-1
1291,39200195,-1
70,32729083,-1
2112,82125367,-1
966,29332357,-1
1379,11220771,-1
2031,53272604,-1
191,17379157,-1
117,16007473,-1
1566,9578259,-1
164,9108812,-1
18,77790216,1
1605,54402883,-1
454,68607741,-1
206,55298117,-1
846,47109473,1
561,5558424,-1
411,36323552,-1
875,4616917,-1
914,14095711,-1
914,11282282,-1
1119,81521502,1
561,23343232,-1
2048,32414847,-1
411,13300763,-1
1254,40966456,-1
543,40992183,-1
1291,21486196,-1
1566,68151099,-1
1496,57556779,-1
1530,43646059,-1
1714,2844370,-1
561,54530380,-1
561,40502190,-1
2048,42928643,-1
1950,55002664,1
191,57816178,-1
1277,64700329,-1
1728,38348668,-1
1468,1298185,1
966,48630421,1
1415,4266378,-1
411,34477704,-1
1230,50305326,-1
1746,20860516,-1
2031,70414112,-1
561,68677410,-1
765,62099896,-1
1291,57827283,-1
2013,73244786,-1
173,71682420,-1
660,66111898,-1
411,70237380,-1
1119,16769050,-1
70,78919358,-1
113,47457168,1
1291,34671215,-1
411,77110560,-1
692,6032457,-1
1930,9619291,-1
692,57089214,-1
1415,63969373,-1
1407,30830919,-1
1119,66000927,-1
70,76911163,-1
1468,45583256,-1
688,16403357,-1
70,30350067,-1
1415,34895120,-1
117,66194230,-1
411,21237090,-1
6,69159563,-1
1512,9301980,-1
1338,37324760,-1
561,10852511,-1
727,45349936,-1
1566,19234474,-1
2197,33425962,-1
1017,49933047,-1
1415,69119483,1
914,49623792,1
1468,11908953,-1
1119,78429025,-1
1596,76818964,-1
1379,49325733,-1
960,69209539,-1
1140,63344436,-1
206,55914984,-1
1781,47237756,-1
966,1119869,1
529,11992932,-1
1496,81379489,-1
1950,42509766,-1
1930,22941462,-1
1379,8937178,-1
681,1969873,-1
686,79630269,-1
561,42916262,-1
191,34978903,-1
1918,3980418,-1
1277,80587294,-1
1468,32756652,-1
1140,60624079,-1
1140,35680981,-1
1991,47047258,-1
1940,63432783,-1
1017,8727430,-1
1496,17194089,-1
1291,31848669,-1
727,44896855,-1
272,49348314,-1
74,58651993,-1
117,73495739,-1
1291,28902541,-1
1468,45737338,-1
725,706614,-1
389,65590942,-1
692,15919489,-1
1119,9086792,-1
1017,81837493,-1
411,41242016,-1
1622,30014338,-1
1918,46765948,-1
692,55252593,-1
1119,38281118,-1
404,25395365,-1
692,10429271,-1
853,438736,-1
311,77303466,-1
692,11886078,-1
692,47396914,-1
692,20152515,-1
1377,79360478,-1
686,78791635,-1
369,20807381,-1
1749,29445854,-1
117,38517331,-1
1496,27861019,-1
1530,4619775,-1
173,66226053,-1
1377,62565330,-1
692,38624763,-1
1596,380652,-1
886,46163803,-1
411,10207009,1
1291,40283639,1
1918,80958159,-1
692,8704973,-1
302,62664754,-1
1291,11020001,-1
1119,34252755,-1
1530,7476853,1
2047,73013292,-1
1119,1259576,-1
1566,60364237,-1
699,76337121,-1
939,2011492,-1
1468,22073184,-1
1291,51763318,-1
2118,43507960,-1
1483,68718496,-1
1242,44222053,-1
1566,48644856,-1
1714,29911097,-1
1379,81805293,1
1119,10169182,-1
369,36980859,1
454,29089633,-1
1415,8342140,-1
70,77424833,-1
681,42828254,-1
191,16461138,-1
561,6506749,-1
914,11303091,-1
1415,9582211,-1
1468,40762008,-1
1291,49044538,-1
1119,48573624,-1
311,67464132,-1
914,27765074,-1
411,10509284,-1
432,78568226,-1
914,47658252,-1
1201,21404332,-1
70,73832397,-1
1991,36129437,-1
173,57589846,-1
1415,32332112,-1
2047,51761481,-1
2118,32363485,-1
916,18702208,-1
191,2648222,-1
846,45746592,-1
1140,37564152,-1
692,18528070,-1
136,29463401,-1
624,32019886,-1
914,3747328,-1
966,28969833,-1
1375,46480871,-1
7,7564019,-1
1415,17222165,-1
411,46765185,-1
286,44481795,-1
1605,65685555,-1
2118,15143562,-1
725,75241006,-1
1918,38778349,-1
660,21101670,-1
765,61191704,-1
1918,56149904,-1
916,50111080,-1
1468,39748038,-1
748,60197803,-1
966,38061527,-1
12,47657566,-1
765,82192343,-1
1635,46377159,-1
692,34453256,1
1827,25997892,-1
1415,56636384,-1
692,70746178,-1
1119,20703621,-1
1415,19999861,-1
2201,59140431,-1
519,68874674,-1
74,24802551,-1
1930,24638560,-1
174,9328303,-1
914,68210222,-1
302,33064971,-1
725,31438906,-1
191,18040038,-1
2013,14616749,-1
2044,10226049,-1
1119,22191959,-1
1377,52134945,-1
613,75393752,-1
411,64480543,-1
206,1651665,-1
1605,42272311,-1
1379,6348118,-1
1291,73258613,-1
916,50421219,-1
70,26200032,-1
411,7605022,-1
1970,58672176,-1
1291,58642469,-1
2050,67092134,-1
411,52545295,-1
70,46603501,-1
1819,42080493,-1
1714,36160491,-1
699,79682407,-1
2118,39059151,-1
1317,68671957,-1
471,68790202,-1
136,49642422,-1
411,6531654,-1
74,38656891,-1
1044,80920370,1
1496,48162772,-1
369,58847122,-1
1530,79018106,-1
74,50334688,-1
2048,31797022,-1
1749,11084188,-1
1379,9907043,-1
411,12075303,-1
1940,35955747,-1
914,15472779,-1
725,74457958,-1
914,81604334,-1
1596,59120836,-1
1904,54511169,-1
1918,7525574,-1
1291,25585495,1
1566,21585924,-1
173,8852636,-1
1827,77754404,-1
1512,59554688,-1
1918,36564409,-1
1605,63779805,-1
2031,28687089,-1
2048,31311079,-1
529,24056212,-1
302,56637951,-1
886,47193101,-1
436,35805495,-1
1940,72326775,-1
212,50783195,-1
1998,64916750,-1
914,40572731,-1
2050,57944786,-1
1566,70822880,-1
1254,1434778,-1
136,18149491,-1
561,49862566,-1
1819,8003090,-1
748,13340311,-1
1566,50560847,-1
1827,4237042,-1
792,10128562,-1
914,16506704,-1
1842,24693792,-1
12,23073137,-1
191,40539386,-1
411,28905383,-1
191,82511983,1
692,57135069,-1
951,62797116,-1
1749,20162004,-1
1415,65434855,-1
914,14306600,-1
686,75474970,-1
404,63139519,-1
191,5202014,-1
1918,6543879,-1
1950,902503,-1
411,47539658,-1
1842,2582741,-1
692,18510107,-1
562,35659490,-1
1605,26783761,-1
966,56823738,-1
1284,30948307,-1
914,77227532,-1
1291,16373856,-1
1377,51346286,-1
1596,23259524,-1
411,27917474,-1
1468,73213494,-1
543,24819920,-1
692,47312187,-1
411,62872462,-1
561,28377337,-1
1950,33356554,-1
411,62149353,-1
903,42051791,-1
561,66256150,-1
1119,23912120,-1
311,14695431,-1
1530,35299812,-1
191,26053919,-1
692,32570206,-1
191,17034431,-1
1530,20421564,-1
1119,37708568,-1
914,76624870,-1
70,63931151,-1
191,36587295,-1
411,67072316,-1
1468,36975778,-1
1605,73146292,-1
1119,31503963,-1
1415,49866672,-1
561,58221066,-1
1566,18074293,-1
136,33176347,-1
846,76435528,-1
1140,26262652,-1
1291,30447474,-1
939,8336737,1
1605,13448097,-1
1291,59649601,-1
543,24257860,-1
2112,3755767,-1
1940,26619539,-1
1841,75709077,-1
1377,77064625,-1
1512,16987557,-1
212,28121534,-1
1483,31714287,-1
1596,4623312,-1
70,33238657,-1
1415,12630210,-1
117,78157777,-1
2118,76708981,-1
1483,27746542,1
1468,22137235,-1
692,19614420,-1
1714,59712548,-1
1468,27619105,-1
1415,75910057,-1
1622,23117522,-1
748,59329340,-1
302,71010868,-1
903,36803139,-1
173,40084754,-1
914,68339253,-1
1201,26476974,-1
1215,67685665,-1
1407,15025369,-1
1379,59628715,-1
846,41410551,-1
1119,52014063,-1
1291,28609434,-1
12,60539447,-1
2013,22773315,-1
686,34961327,-1
1605,35800730,-1
1021,61677199,-1
1950,6112916,-1
561,16324928,-1
411,46835251,-1
411,69491577,-1
191,27878468,-1
1201,1764009,-1
699,68028297,-1
692,56267962,-1
389,19233283,-1
1918,29855007,-1
1530,80760875,-1
519,740133,-1
561,27209490,-1
1119,19368787,-1
1119,51796426,-1
1291,31665772,-1
2031,58756211,1
1291,22195586,-1
173,39024812,1
389,39865174,-1
914,3271934,-1
420,27648832,-1
1496,24345475,-1
432,16291588,-1
2066,71798664,-1
311,75482850,-1
1925,22491329,1
1215,11902154,-1
1119,19152768,-1
1335,42195380,-1
1566,78377354,-1
1468,16397474,-1
136,26888765,-1
411,4160494,-1
145,18422593,-1
411,70863558,-1
1202,36005932,-1
1415,10659048,-1
411,46021118,-1
916,30647968,-1
432,73175362,-1
191,29654263,-1
70,26275085,-1
70,16427658,-1
2216,37368236,-1
1566,61208540,-1
914,48862075,-1
12,78593490,-1
411,36626238,-1
2066,48079318,-1
1415,60615044,-1
692,27418135,-1
117,16153512,-1
311,23724630,-1
1202,77628586,-1
1291,10526053,-1
70,4069846,-1
1254,26844327,-1
1950,47894206,-1
411,52554809,1
145,56673410,-1
1728,74838452,-1
1918,74531007,-1
411,77953833,-1
1171,65372819,-1
70,54170996,-1
12,3766190,1
212,68190501,-1
1377,40388599,-1
1044,2812824,-1
117,25571840,-1
70,3503788,-1
1338,29775043,-1
914,78269484,-1
1407,37286766,-1
846,3406830,-1
561,25835891,-1
1842,52814857,-1
727,9130236,-1
846,57685935,-1
1672,28978472,-1
1379,33176909,-1
1140,70780703,-1
191,22852275,-1
1596,36660831,-1
311,28589204,-1
1918,48998591,-1
1449,60178796,-1
1530,30558721,-1
1021,66248352,1
1119,8799937,-1
543,35889851,-1
1714,43426109,-1
1998,64895911,-1
1507,3565124,-1
1566,16129499,-1
70,12873868,1
117,70747578,-1
2118,57363633,-1
792,27319081,-1
932,24211225,-1
117,12002421,1
136,70786371,-1
1605,43251950,-1
1716,38265865,-1
1379,75417611,-1
1940,78651669,-1
692,12340230,-1
389,39709176,-1
1415,8559192,-1
1379,11129084,-1
1291,78340646,-1
1566,37598979,-1
1119,77232269,-1
561,43974481,-1
1841,52126648,-1
853,65850511,-1
1749,12812359,-1
369,53406317,-1
1566,78776280,-1
411,24646550,-1
411,60098911,-1
765,13296879,-1
914,39272298,-1
561,44982437,-1
1950,51649491,-1
1749,48551336,-1
894,11017818,-1
450,26664598,-1
2031,61886918,-1
1508,14639115,-1
1530,61452621,-1
1918,56470815,-1
561,55485106,-1
2201,45264409,-1
1119,17540389,-1
1415,42233634,-1
1468,79824119,-1
1468,74963274,-1
1790,78466775,-1
1023,59081942,-1
1827,67384873,-1
1468,52609890,-1
699,6219258,-1
916,21415926,-1
1119,20196233,-1
692,39656259,-1
173,25396557,-1
1503,76156064,-1
725,60608919,-1
121,37765899,-1
692,75234584,-1
1021,17212131,-1
1021,8704561,-1
1483,70045930,-1
1566,13299873,-1
1468,19431192,-1
561,29427916,-1
692,48716348,-1
1622,47832125,-1
914,547566,-1
1918,77429252,-1
1017,38501131,-1
561,53249286,-1
191,60077500,-1
369,50294536,-1
1407,35596299,-1
2031,64951967,-1
562,72992742,-1
302,72255691,-1
173,40594725,-1
173,48004675,-1
727,34765236,-1
2031,81046035,-1
1621,43488289,-1
1842,34009137,-1
1827,50832867,-1
2031,49758739,-1
660,9083605,-1
692,17379532,-1
2013,29909478,-1
699,34590926,-1
1415,34073200,-1
1351,63005223,-1
1566,78254372,-1
311,14254615,-1
70,61034548,-1
561,1588685,-1
1291,10636357,-1
286,28325001,-1
1605,29100628,-1
692,27186650,-1
914,60203641,-1
369,18553773,-1
692,69133921,-1
1119,26145441,-1
74,10881166,-1
74,9180530,-1
1716,55094197,-1
1950,15648946,-1
1931,63497322,-1
561,49295104,-1
302,8361808,-1
164,1857113,-1
846,13009292,-1
1254,57485749,-1
846,74321585,-1
1671,40611670,-1
1415,39948660,-1
1842,5766378,-1
1291,13098844,-1
1596,50221524,-1
1119,52744704,-1
692,30921672,-1
389,31138012,-1
1468,54839350,-1
1017,28597353,-1
2013,75132428,-1
1291,47514857,-1
692,17882827,-1
2048,61054150,1
1415,49657214,-1
692,70040864,1
1119,39989164,-1
1119,10139503,-1
411,22381236,-1
916,35444166,-1
411,52088376,-1
561,36206828,-1
70,47964031,-1
1918,53540498,-1
1530,37623661,-1
1931,67178912,-1
432,57538595,-1
1119,33215819,-1
1291,32516604,-1
117,9388937,-1
1291,12851681,-1
1119,76985276,-1
191,18979332,-1
1291,82326351,-1
1119,7231625,-1
1379,55318567,-1
145,34064498,-1
1415,44601054,-1
1119,38537674,-1
286,95970,-1
966,2491923,-1
1530,7572068,-1
727,68757265,-1
1017,40666364,-1
699,13227030,-1
1407,4223198,-1
1635,21117425,-1
1468,39431672,1
1044,80149068,-1
692,21737036,-1
411,35772120,-1
1119,75825989,-1
916,2234113,-1
914,75832923,-1
389,8163770,-1
191,75305930,1
939,20302564,-1
231,17857141,-1
1119,16018961,-1
1291,13424869,-1
1827,53061399,-1
748,21613288,-1
932,80470506,-1
286,74420200,-1
2118,9563199,-1
411,9908219,-1
1291,8317252,-1
647,52099524,1
1918,73271549,-1
1605,62616803,-1
1044,34362474,-1
2197,62701072,-1
191,76221447,-1
411,21093050,-1
1415,79723043,-1
1119,57133598,-1
1950,11808402,-1
404,1362424,-1
1728,62026178,-1
1566,73630480,-1
1728,30682659,-1
191,16082495,-1
117,39740367,-1
1596,19173566,-1
914,17215682,-1
1119,51702568,-1
1940,28427574,-1
1918,74734713,-1
1962,72467150,-1
1530,46335416,-1
311,73025444,-1
1021,69331640,-1
692,5416925,-1
2013,28040069,-1
692,33753794,-1
932,48879350,-1
471,2539513,-1
846,64968705,-1
7,72569022,-1
1284,41775227,-1
12,48630048,-1
1119,76223262,-1
2013,44878910,1
1119,14491328,-1
939,29142678,-1
1119,2106785,-1
2068,44314972,-1
1962,43652587,-1
846,36734195,-1
117,36457767,-1
1918,38979090,-1
1918,40453823,-1
1957,39742236,-1
916,47932337,-1
748,66534373,-1
1254,44390013,-1
1407,45516333,1
727,62660288,-1
311,1265891,-1
1596,63569165,-1
1044,4811587,-1
7,3076,-1
727,61072358,-1
561,66455117,-1
1407,27810638,-1
748,15836259,-1
561,27964884,-1
1468,54720876,-1
966,2313231,-1
727,72894845,1
1827,31956476,-1
1119,1214516,1
2068,53778190,-1
1827,48190361,-1
1468,2718876,-1
1407,7323283,-1
1605,51093899,1
411,71656245,-1
313,36888755,1
1017,46274792,-1
692,62490513,-1
1468,23442022,-1
1254,17713467,-1
1377,32005762,-1
1483,49863094,-1
914,56567336,-1
1407,31709275,-1
411,44822047,-1
1605,4459279,-1
725,14636545,-1
7,28406638,-1
1202,34395987,1
117,42130065,-1
914,50299754,-1
1530,58831987,-1
699,76458686,-1
692,25777592,-1
1119,76755869,-1
692,15133523,-1
117,49003855,-1
1291,67816179,-1
1284,37071102,-1
136,32171868,-1
1017,53801477,-1
1468,43745951,-1
1918,68270849,-1
136,18826654,-1
2031,54518428,-1
1119,52441643,-1
1827,42546854,-1
692,18784584,-1
1379,49543717,-1
1931,53044470,-1
853,77636893,-1
1407,66608606,-1
529,65484063,-1
1119,79160793,-1
1119,36859749,-1
2031,62097505,-1
191,52217387,-1
1918,3070531,-1
1201,48737214,-1
692,55193192,-1
117,73089446,-1
846,19395244,-1
561,43204191,-1
681,297286,1
916,56020413,-1
2118,76161875,-1
1716,58788292,-1
411,38919578,-1
681,59850119,-1
561,29733006,-1
561,65401366,-1
2112,33039694,-1
561,46179744,-1
1918,55823646,-1
1230,56909923,-1
2050,47329482,-1
1894,55665027,-1
1749,69941335,-1
205,51450070,1
2013,62420243,-1
1468,56470898,-1
647,30474739,-1
688,67995502,-1
286,11697820,-1
1918,71131714,-1
1918,30954001,-1
914,5847870,-1
1415,50371660,-1
1284,53008594,-1
1790,60054042,-1
1202,69657958,-1
561,43784873,-1
136,39175481,-1
1119,76571326,-1
1254,62665822,-1
70,51028792,-1
231,9010161,-1
1468,77748892,-1
1672,58084791,-1
1021,28266569,-1
74,38381957,-1
117,79307474,1
561,30759078,-1
692,23639911,-1
1291,76436540,-1
1605,7021987,-1
1918,14162160,-1
1940,58534128,-1
914,49665305,-1
1716,5746426,-1
191,877340,-1
1596,23474695,-1
191,35346352,1
1140,55204305,1
454,46988412,-1
1201,58675450,-1
1918,30105817,-1
1950,69507617,-1
692,1970739,-1
2050,43424202,-1
561,68807384,-1
1023,45529938,-1
1291,25377011,-1
411,57911561,1
1746,57026739,-1
692,6008884,-1
692,52893241,-1
1468,34742401,-1
1930,67785439,-1
692,59449062,-1
1119,56397959,-1
1291,42537805,-1
1605,10604356,-1
1291,37048730,-1
389,47679239,-1
404,75051916,-1
117,43506565,-1
1819,76621059,-1
1530,70010050,-1
1407,68903863,-1
2050,2902825,-1
136,68120923,-1
1635,77410109,-1
1119,12954638,-1
2196,34136346,-1
1119,19286545,-1
1338,56303143,1
1596,2037360,-1
727,59406080,-1
70,21668896,-1
6,81923884,-1
2066,80457520,-1
136,64223838,-1
916,42504933,-1
1291,4814392,-1
561,72971676,-1
1379,7518731,-1
1140,26815718,-1
1291,15982629,-1
1566,63051812,-1
1950,62828793,-1
939,8714641,-1
692,11111311,-1
1291,9598656,-1
1716,69233753,-1
561,40448314,1
1507,17682892,-1
1215,18398107,-1
966,6729000,-1
2112,63779861,-1
543,8318636,-1
1202,69794066,-1
411,26230744,-1
2031,79344828,-1
1605,8900876,-1
1119,13202279,-1
792,40095907,-1
1468,69728185,-1
1338,21542639,-1
1728,18966576,-1
2050,68211467,-1
1468,7550162,-1
1291,26550321,-1
1407,64545331,-1
231,14699636,-1
1940,72591411,-1
2118,10325080,-1
1950,6641032,-1
117,46005876,-1
411,36748648,-1
1930,33290409,-1
1894,45769822,-1
1284,75421243,-1
173,15835825,-1
846,68583462,-1
1596,19613312,-1
1566,36791489,-1
286,37963058,-1
1119,62806348,-1
561,43185436,-1
1621,63671629,-1
916,53561962,-1
1379,68308680,-1
916,17886479,-1
692,38649864,-1
1284,17520315,-1
727,22379763,-1
191,50444315,-1
765,2759858,-1
1291,50802808,-1
960,39445966,-1
692,21717782,-1
966,37617361,1
1215,10703898,-1
561,81064624,-1
1622,64893644,-1
1021,52063364,-1
846,7999077,-1
2031,59145526,-1
914,38821344,-1
177,34456255,-1
1998,47104692,-1
624,29607744,-1
561,24963578,-1
117,33172608,-1
2031,79828292,-1
692,45335451,-1
1254,9524143,-1
1415,77016840,-1
1119,542176,-1
727,76975328,-1
1119,51263605,-1
1596,53187169,-1
692,40710258,-1
681,55209904,-1
1918,67985000,-1
136,25322503,-1
1998,52606079,-1
1918,66811430,-1
432,55095382,-1
686,81554690,-1
1415,56725320,-1
1950,18790153,-1
1605,16090074,-1
2031,45074171,-1
1950,2022609,-1
846,49856705,-1
846,29965512,-1
117,13765041,-1
436,46154609,-1
916,17285774,-1
725,7307055,-1
846,57332406,-1
692,57823130,-1
1415,26100829,-1
191,1887593,-1
1918,5087994,-1
2118,25892159,-1
2118,42476070,-1
1790,1889607,-1
1379,71219072,-1
846,52975637,-1
681,21944162,-1
302,46827193,-1
1379,80594281,-1
1918,2221669,-1
1284,28989346,-1
1254,72221880,-1
1017,33500896,-1
529,17338222,-1
1596,51025162,-1
436,77752085,-1
191,36196348,-1
411,28612363,-1
1530,66763767,-1
1379,9235542,-1
1970,6915513,-1
191,10725053,-1
2054,9021538,-1
117,10036168,1
1918,4305906,-1
519,4101140,-1
1749,19007359,-1
692,56637229,-1
561,25549169,-1
1918,28275654,-1
1566,11903262,-1
2118,34472469,-1
1622,16041721,-1
191,23546261,-1
1950,17652786,-1
1379,66878416,-1
1230,71348342,-1
2031,27864551,-1
1596,21523996,-1
212,69621894,-1
692,21202824,-1
1605,12455047,-1
1468,19293143,-1
1407,79720955,-1
1566,15771953,-1
1215,12119557,-1
647,67100706,-1
1350,12133279,-1
1377,69330300,-1
2050,27010558,-1
1254,56466067,-1
1044,65624898,-1
914,49030550,-1
1291,6057756,1
1407,77306382,-1
450,72632369,-1
145,42702035,-1
846,29100344,-1
1407,4289734,-1
914,30650006,-1
369,60299120,-1
286,79103396,-1
1749,1117353,-1
1317,50065412,-1
2050,70398692,-1
1119,56185595,-1
173,58391679,-1
543,49589031,-1
1119,52820682,-1
1622,49240268,-1
1530,32253691,-1
74,1938122,-1
1530,19505679,-1
1468,34136062,-1
136,12779736,-1
1925,59883611,-1
561,33880208,-1
692,32820682,-1
1407,17743623,-1
699,62477665,-1
1468,68561489,-1
561,70240790,-1
725,78815338,-1
1483,35464064,-1
286,11052696,-1
1119,45272994,-1
1894,58687035,-1
692,50843645,-1
404,74059193,-1
432,12241388,1
1291,79332780,1
1827,70500961,-1
70,18257425,-1
1375,22178262,-1
1023,18585107,-1
411,22356105,-1
1468,846289,-1
1483,2440294,-1
927,38317856,-1
1291,30320734,-1
1407,55292663,-1
1468,23422488,-1
454,39892486,-1
692,29268316,1
191,61734618,-1
1407,44113689,-1
1415,61240966,-1
1605,76778794,-1
145,40315699,-1
1827,10950596,-1
411,82198071,-1
2054,70268252,-1
1483,47501084,-1
2047,52159266,-1
1215,81842606,-1
2031,68105011,-1
1317,23540162,-1
369,25111214,-1
286,64207882,-1
1580,42247834,-1
1566,77859847,-1
846,69945353,-1
411,76916465,-1
121,68485176,1
1119,54191889,-1
1291,49168569,-1
1930,72003228,-1
1407,9248204,-1
1827,73482098,-1
1635,39159964,-1
191,24144185,-1
121,28876927,-1
916,44620424,-1
121,18182405,-1
939,37540149,-1
1970,76114189,-1
411,34930369,-1
1672,62371021,-1
1291,78081368,-1
7,70139497,-1
1483,2401735,-1
543,29579462,-1
136,81814035,1
191,66369701,-1
1749,75262981,-1
1201,17897058,-1
1940,1870569,-1
1468,39692327,-1
1119,7703663,-1
1468,69541735,-1
765,52509841,-1
914,52230725,-1
191,13609255,-1
1468,62946101,-1
2112,71676436,-1
1566,22226689,-1
1119,39181881,-1
846,13345418,-1
613,13243721,-1
1291,42825631,-1
1407,69532106,-1
70,20863843,1
12,57798142,-1
2196,20681968,-1
1407,66152191,-1
1827,79962061,-1
302,7338691,-1
1044,45011218,-1
1566,34536107,-1
1566,45911529,-1
2048,10015018,-1
2050,16264355,-1
1940,64030220,-1
1508,5836018,1
1714,3177220,-1
1429,75857134,-1
699,78560160,-1
692,46638999,1
916,75719800,-1
561,22707538,-1
1415,25186298,-1
1119,57367217,-1
411,81032713,-1
939,5176148,-1
561,66057367,-1
975,49979706,-1
145,46083611,-1
692,39977851,-1
206,49956444,-1
1918,41210536,-1
12,47875869,-1
846,50707954,-1
1407,26774167,-1
748,71761708,-1
389,38756704,-1
191,72926905,-1
914,5114478,-1
432,28896807,-1
1605,47468713,-1
432,79207706,-1
1827,51284845,-1
914,70567570,-1
174,61880899,1
1017,26509158,1
1749,10387985,-1
561,31410503,-1
70,8263466,-1
1254,64513166,-1
1566,82097088,-1
765,60309631,-1
914,82021147,-1
2205,66373442,-1
136,41693502,-1
1566,23909867,-1
727,14048723,-1
191,69028946,-1
2013,77289922,-1
916,14832701,-1
2047,2106617,-1
2031,56415232,-1
1918,37280488,-1
411,69440689,-1
725,51094979,-1
519,39435887,-1
1377,5733639,-1
692,69547248,-1
205,28634135,-1
561,40153364,-1
1596,39539851,-1
121,47837426,-1
1350,3418551,-1
1468,77610898,-1
191,20436246,-1
748,41876893,-1
2013,32383672,-1
432,59014419,-1
1930,71551654,-1
411,56520722,-1
1119,16591108,-1
1468,19458025,-1
74,35828448,-1
70,43702474,-1
725,39385997,-1
231,71252497,-1
1182,71620902,-1
692,12086599,1
1291,64478956,-1
1468,78924041,-1
1728,61680081,-1
411,10014485,-1
191,59985190,-1
311,65702490,-1
311,1078047,-1
302,3871854,-1
692,56034622,-1
846,48778844,-1
1819,80693638,-1
725,53355248,-1
1215,24234200,-1
725,23271255,-1
692,69352587,-1
411,2379218,-1
903,14720256,-1
70,5772244,-1
1291,15926579,-1
121,77943840,-1
1918,43632662,-1
692,70028802,-1
411,72933935,-1
1714,23389660,-1
231,4334602,-1
2066,32091393,-1
1468,81564831,-1
1119,26602652,-1
1119,77889076,-1
1566,37719863,-1
1379,2044741,-1
1119,60054061,-1
432,82291632,-1
1950,28170984,1
1377,63052052,1
1950,64636247,-1
2047,68653003,-1
1530,60835771,-1
1605,10417016,-1
692,3215198,-1
1291,45518239,-1
1415,62980452,-1
792,32326954,-1
2201,11410378,-1
1918,54468310,-1
1970,78511154,-1
7,78787624,-1
1291,39529171,-1
1119,49179525,-1
420,22364247,-1
12,2727040,-1
1379,3057527,-1
98,64665252,-1
561,60246177,-1
1415,37437020,1
1201,44273628,-1
914,28866770,-1
1483,31668674,-1
1671,27348704,-1
117,43616795,-1
1847,69671943,-1
1182,51226133,-1
117,32365680,-1
846,73403927,-1
692,28209671,-1
136,57314797,-1
543,52099245,-1
1027,18347267,-1
70,63567281,-1
1415,32520020,-1
117,57145592,-1
70,66267606,-1
2013,14740646,-1
1202,36550121,-1
1847,6457570,-1
727,50988157,-1
1819,74844120,-1
765,7332230,-1
1291,19258589,-1
561,44663905,-1
1566,47712954,-1
727,65840016,-1
792,6245869,-1
174,40662712,-1
436,25980474,-1
1338,9693303,-1
561,63143030,-1
191,38065656,-1
404,78708042,-1
1291,74638657,-1
1379,62855933,-1
1468,70470445,-1
1596,38217197,-1
369,19060805,-1
1746,8448495,-1
1566,8906773,-1
1468,542776,-1
1599,59226808,-1
1566,58894899,-1
1605,31891839,-1
692,65406928,-1
1962,20086174,-1
561,33676597,-1
98,79496785,-1
699,1778984,-1
1119,14775986,-1
2048,53328205,-1
1254,37714297,-1
1622,15481097,-1
1119,49263106,-1
1508,21059940,-1
1508,58691234,-1
1566,50852782,-1
191,74454287,-1
411,64908654,-1
561,5873946,-1
692,21158847,-1
1291,42580996,-1
2112,21282426,-1
1605,15637419,-1
543,38795849,-1
1017,73784570,-1
1622,625552,-1
1021,45607246,-1
916,46439807,-1
914,28399473,-1
117,51994485,-1
1962,63525010,-1
1950,79881658,-1
1291,28194137,-1
1998,76371540,-1
1503,70598651,-1
2031,10644885,-1
1716,61423658,-1
1338,24951629,-1
411,39845694,-1
516,11072667,-1
302,77174333,-1
1119,51885425,-1
1566,43760254,-1
1107,34477027,-1
70,35082921,-1
145,18311172,-1
692,58286285,-1
70,66833289,-1
1407,48678668,-1
1483,61357675,-1
1749,755659,-1
914,70310497,1
173,55505506,-1
1530,36774458,-1
846,73279973,-1
173,5521249,-1
311,45461667,-1
1449,2217690,-1
1317,21909683,-1
516,71457822,-1
1201,55051566,-1
2031,4640161,-1
2050,21955141,-1
302,15518175,-1
191,50548969,-1
1291,71444385,1
519,73600940,-1
561,52628509,-1
2154,21760219,-1
389,76092190,-1
1714,4344653,-1
1566,52509490,-1
1202,69794995,-1
561,76863050,-1
1415,38800423,1
1622,69710006,-1
1468,51022573,-1
1566,48091628,-1
117,24006654,-1
1950,27876035,-1
12,67000242,-1
692,54421420,-1
692,78731981,-1
1918,39641011,-1
404,23935501,-1
1415,81845629,-1
1635,72655768,-1
1566,10570604,-1
117,65530242,-1
2031,58482814,-1
692,50677484,-1
1991,25107724,-1
1317,56308609,-1
725,59777025,-1
411,35762937,-1
1415,6312721,-1
692,67961401,-1
1530,26901264,-1
1201,20934819,-1
1530,47209193,-1
1871,5966432,-1
2066,42926537,-1
2196,29698168,-1
1254,14519529,-1
411,61981546,-1
692,12616780,-1
74,2093263,-1
1827,25817057,-1
411,70190586,-1
1566,72838436,-1
692,22247189,-1
311,59031577,-1
1468,35572363,1
286,3931806,-1
2054,18314838,-1
1566,35483869,-1
1622,69914075,-1
212,47307688,-1
411,26538262,-1
1171,49695263,-1
1375,18248086,-1
561,25879313,-1
18,81513261,-1
725,46861694,-1
1566,54367145,-1
411,24125645,-1
1291,15335305,-1
692,7851247,-1
1415,51707119,-1
939,57622313,-1
1140,18502598,-1
1379,54302740,-1
1415,12800107,-1
1140,59253630,-1
1781,46411924,-1
1291,80271889,-1
692,71270002,-1
914,22344856,-1
1291,61289350,-1
1415,65908469,-1
1468,53736331,-1
2196,30616905,-1
1507,60121642,-1
1596,17924752,-1
1918,34290347,-1
1242,54350110,-1
411,77658308,-1
1407,51491809,-1
1379,72479489,-1
699,71317038,-1
311,37231245,-1
2031,45326704,-1
975,42452814,-1
136,73372023,-1
18,59234255,-1
725,75474213,-1
286,50430653,-1
389,71952393,-1
191,44280548,1
231,59943817,-1
1201,79694885,-1
699,73258185,-1
1017,30242287,-1
389,7588567,-1
1468,61478989,-1
2118,17034979,-1
1119,81952899,-1
1407,54024202,-1
1841,16100164,-1
725,78053997,-1
1338,5302412,-1
1918,47240043,-1
1931,7209936,-1
1291,29004554,-1
389,74921158,-1
2068,37254597,-1
1468,47745202,-1
2216,64010851,1
1918,39228333,-1
411,53990824,-1
966,1491584,-1
561,51275791,-1
191,66982433,-1
74,27800326,-1
1338,22865234,1
765,29611055,-1
1377,23091185,-1
1530,10809603,-1
1970,25152360,-1
1468,55793251,-1
1819,65567804,-1
389,43747993,-1
311,32846940,-1
1415,59914678,-1
1918,28741053,-1
692,740948,-1
191,76965239,-1
404,75636821,-1
1605,78025294,-1
692,56164191,-1
1291,2931427,-1
966,68314841,-1
1202,73280274,-1
966,56007354,-1
1377,25107022,-1
1017,78797101,1
1530,34012596,-1
1566,47040032,-1
311,52349888,-1
1605,31092883,-1
70,80903856,-1
613,77740791,-1
561,66154543,-1
692,44668802,-1
1496,44356797,-1
18,1639782,-1
916,50175640,-1
692,26223943,-1
369,8108399,-1
404,80997604,-1
2031,4964667,-1
2031,31796861,-1
1918,13100005,-1
2031,54313828,-1
1254,68640497,-1
1468,53786100,-1
2118,19556750,-1
1017,13984360,-1
1468,66282939,-1
1119,34169541,-1
1377,19181438,-1
2013,63397917,-1
436,26492306,-1
136,34127045,-1
1566,9258369,-1
561,59675270,-1
1841,404543,-1
692,4378989,-1
70,5526762,-1
1254,66122104,-1
1415,52197997,-1
2031,74026161,-1
1291,72742532,-1
432,12712813,-1
692,59624629,-1
1140,74801081,1
2154,52227947,-1
1415,7919942,-1
692,45020160,-1
692,73018455,-1
1415,71272820,-1
1781,56646567,-1
1530,3311998,-1
1483,71982437,-1
1749,28697170,-1
2169,74312879,-1
98,64917214,-1
1566,62665579,-1
6,82140052,-1
1468,23664920,-1
212,14088924,-1
1379,77785929,-1
177,3036262,1
1021,18719359,-1
311,1206898,-1
411,15919238,-1
1940,8296527,-1
1530,29354997,-1
1119,38593653,-1
1379,81658878,-1
1449,28408175,-1
1496,48651335,-1
404,48514294,-1
681,82361920,-1
1599,82113499,-1
1468,27771162,-1
1140,25228181,-1
692,79200793,-1
1950,53669329,-1
1468,68129012,-1
2013,21486816,-1
1918,58564381,-1
411,68712957,-1
1728,74515273,-1
1119,38535045,-1
914,50353437,-1
2205,14605601,-1
420,38728267,-1
1017,72829677,-1
420,44654955,-1
1254,54875654,1
692,33170709,-1
1119,77200028,-1
173,65313209,-1
1317,64552616,-1
692,37913136,-1
191,71333498,-1
1023,77565271,1
1119,17814706,-1
966,5331825,1
70,25916487,1
191,44743298,-1
411,32284303,-1
1918,81948733,-1
70,63480655,-1
191,80954848,-1
1749,40172900,-1
1918,2959344,-1
561,23562267,-1
1605,12517165,-1
1057,31758720,-1
191,74907489,1
191,38402099,1
1291,68720755,-1
543,27432285,-1
70,76587396,1
174,27928401,-1
1415,20546771,-1
853,60315333,-1
1415,28390844,-1
2201,78615715,-1
660,57488734,-1
1749,56637000,-1
1622,70296236,-1
1950,39849937,1
561,23050418,-1
1027,60621670,-1
369,76132782,-1
966,57237886,-1
389,32205907,-1
2031,23504359,-1
2031,76632141,-1
212,69231759,-1
1468,82428344,-1
191,7779569,-1
432,53552135,-1
2013,1395255,1
692,81922331,-1
311,5778824,1
624,63575169,-1
1957,24564653,-1
1621,36334458,-1
404,42812387,-1
561,32672249,-1
1605,42265529,-1
1201,76197007,-1
1622,57953966,-1
692,34046368,-1
624,57112076,-1
692,2146988,-1
1291,9159942,-1
1605,93398,-1
1407,57845909,1
1496,1741701,-1
313,73553427,-1
1596,3702123,-1
1596,11880699,-1
792,63597427,1
411,44817659,-1
1119,9488473,-1
1596,9995341,-1
1119,27158025,-1
70,26437025,-1
1468,40620016,-1
692,54179284,-1
191,9192919,-1
1749,78820984,-1
748,38061145,-1
164,52315865,-1
1566,53518681,-1
1119,29795814,-1
174,23020553,-1
117,79801339,-1
1468,3410002,-1
389,74514399,-1
1566,58943731,-1
1140,2030826,-1
1415,70107059,-1
231,1434419,-1
1171,38893601,-1
136,51498057,-1
1119,1138221,-1
916,21621931,1
1671,52117246,-1
1291,6393198,-1
70,53557719,-1
1622,34151049,-1
206,37902004,-1
1496,4625760,-1
369,36851898,-1
369,69145204,-1
727,32181978,-1
1023,3916302,-1
1827,23406918,-1
389,40099912,-1
939,27834141,-1
70,57767284,-1
1119,36828492,-1
916,77096161,-1
70,50312017,-1
1530,35246809,-1
12,13858491,-1
1291,29279510,-1
191,79716006,-1
1017,35490734,-1
792,70965239,-1
117,21364055,-1
1171,13890907,-1
212,63589050,-1
1749,29525033,1
1254,28939168,-1
1918,5230002,-1
543,19722474,-1
1375,47505597,-1
411,67989581,-1
1819,41647907,-1
1415,2833953,-1
692,12828849,-1
1566,62914763,-1
70,74761905,-1
1950,38376737,-1
1468,59698560,-1
1468,66730432,-1
1291,70642318,1
1931,14515526,-1
302,61334325,-1
1119,72390319,1
2197,45853678,-1
765,56472427,-1
692,3861940,-1
561,50140102,-1
1182,40039100,-1
1291,6099429,-1
1201,49777988,1
688,68299167,1
191,14582808,-1
302,75227510,-1
1930,21234613,-1
1940,56692668,-1
1918,60582452,-1
432,19346122,-1
205,81772865,-1
624,44350504,-1
1119,75512311,-1
411,35010569,-1
1407,20781022,-1
1119,35382853,-1
853,70230988,-1
1379,5751588,-1
302,76141337,-1
404,2483525,-1
1605,38754445,1
411,53340918,-1
117,11645061,-1
432,53618332,-1
1566,62246971,-1
1468,19633309,-1
1904,2908258,-1
561,75646256,-1
1119,20795706,-1
411,37632653,-1
136,23801851,1
70,31864885,-1
561,67789028,-1
1119,28235866,-1
173,70842062,-1
1530,12137932,-1
894,37663974,-1
1375,14944849,-1
1377,7266480,-1
1530,81085359,-1
903,23098641,-1
1379,15370043,-1
1291,13595690,-1
692,13800759,-1
1496,25448346,-1
191,71126731,-1
1918,19673890,-1
1918,38582179,-1
311,63666484,-1
311,13685290,-1
1415,11051935,-1
1827,50563961,-1
136,516998,-1
1017,74275607,-1
164,50106899,-1
2112,45190993,-1
121,60138601,-1
1566,71187864,-1
914,7321279,-1
1728,44562420,-1
1468,77616002,-1
411,19401131,-1
1566,50165221,-1
1415,64912359,-1
74,31813637,-1
1599,70554770,-1
1904,78287397,-1
1621,29881512,-1
2169,45679859,-1
1894,27655608,-1
914,75124463,-1
960,24192553,-1
692,65915133,-1
1468,37384007,-1
1749,77935457,-1
1415,74045003,-1
2169,73370967,-1
1622,81433809,-1
1291,54933714,-1
1119,62482248,-1
1508,1795411,-1
1291,11224386,-1
846,53100557,-1
2031,30086073,-1
727,69932375,-1
1335,47940064,-1
692,1583978,-1
1605,61135992,-1
561,58477215,-1
1716,34218131,-1
692,78721175,-1
404,60898748,-1
1291,65191663,-1
903,48948088,-1
1714,51777003,-1
725,5775684,-1
113,74669632,-1
1998,57679525,-1
411,10577144,-1
411,65541944,-1
121,64403349,-1
311,9336628,-1
231,34742923,-1
692,1820935,-1
916,45323423,-1
1749,18331494,-1
1918,48750178,-1
1338,67155718,-1
411,33167056,-1
117,51466593,-1
692,74141485,-1
1496,11742310,-1
725,44701288,-1
1566,45565022,-1
191,20045700,-1
692,32943109,-1
313,79399897,-1
894,40809648,-1
1716,20763514,-1
2013,80819359,-1
173,19489149,-1
117,54335400,-1
916,22252760,-1
1407,14790451,-1
624,44175456,1
389,42567031,-1
231,61562921,-1
1429,64999515,-1
1530,42413608,-1
164,61259351,-1
1291,62779873,-1
748,79778239,-1
1819,65059097,-1
2048,67859152,-1
1468,4270137,-1
191,44195859,1
411,27853617,-1
2118,1996253,-1
411,75786647,-1
2154,71302787,-1
692,73479117,-1
1962,62524734,-1
191,26656063,-1
1566,4666103,-1
1351,50997032,-1
1023,25500440,-1
1291,54150412,-1
432,40628459,-1
1580,67464194,-1
1605,52185482,-1
1468,68544576,-1
70,1200218,-1
1407,12204367,-1
404,43603136,-1
1918,76320217,-1
692,54512145,-1
117,21054916,-1
336,33148314,-1
1291,38775439,-1
1407,32742132,-1
1415,49213350,-1
1291,28313031,-1
1728,55995344,-1
914,69524980,-1
2118,53741814,-1
1119,9640244,-1
206,77480128,-1
191,11128649,-1
686,479326,-1
2031,8856189,1
302,25193527,-1
369,12227620,-1
1284,56056849,-1
916,37329122,-1
206,78753937,-1
302,42291715,-1
121,59069157,-1
2216,72998674,-1
369,50911657,-1
121,60365132,-1
136,68383341,-1
1291,59346836,-1
113,63892394,-1
136,22045809,-1
1596,62491353,-1
1827,14105830,-1
173,48106133,-1
846,70926921,-1
561,51493124,-1
117,80206165,-1
1449,617658,-1
1379,14263956,-1
1841,81050043,-1
191,77218379,1
1596,73082038,-1
1894,78579449,-1
1918,4158899,-1
136,43037968,-1
1415,27779989,-1
1483,7277492,-1
471,45151213,-1
1407,23462983,-1
411,79038021,-1
2048,34494135,-1
231,42621784,-1
173,42013133,-1
914,61193281,-1
748,50022678,-1
561,49177857,-1
1950,12200489,-1
1182,16028113,-1
471,69355513,-1
389,13070075,-1
692,64396980,-1
686,59087459,-1
1407,42409158,-1
1201,51562444,-1
411,15489939,-1
1415,13828805,-1
1635,23299164,-1
1530,82506177,-1
117,75720581,-1
432,29993284,-1
1291,38669448,-1
136,67006499,-1
692,34509237,-1
432,54744218,-1
311,37307734,-1
1119,8682051,-1
1566,53988511,-1
725,60462628,-1
1468,1192206,-1
191,58703440,-1
1291,4594791,-1
725,68954193,-1
2201,44984575,-1
1566,45901374,-1
1991,7289999,1
1507,31090379,-1
2118,24424288,-1
916,36054795,-1
1508,70846666,-1
98,24722283,-1
561,82169321,-1
212,78141700,-1
1841,43320707,-1
960,48540439,-1
1044,73909662,-1
692,10963672,-1
411,58456239,-1
1057,41902981,-1
2118,62443028,-1
1940,1012109,-1
1781,52879099,-1
1950,31926477,-1
886,65918659,-1
2013,43950776,-1
191,37991204,-1
1202,69053349,-1
1496,62577916,-1
1468,65298877,-1
692,9049790,-1
1918,56736061,-1
1017,61612783,-1
692,3257714,-1
914,63647325,-1
916,13504148,-1
1940,20580208,-1
7,16344210,-1
191,32080889,-1
1781,73223187,-1
699,2287219,-1
725,7837929,-1
1415,18513960,-1
1023,37857295,-1
1950,28134863,-1
411,43572443,-1
1415,58021661,-1
914,73134719,-1
1950,8624007,-1
543,36270017,-1
1596,38694074,-1
692,56193419,-1
1622,22018422,-1
846,3041139,-1
454,73656739,-1
450,59932313,-1
1566,47512416,1
2169,2118871,-1
450,13810469,-1
1291,32972773,-1
692,32888292,-1
1468,38835286,-1
543,72787770,-1
191,80702317,-1
1566,28454044,-1
1017,35450444,-1
2013,59272947,-1
2047,47385529,-1
1468,43210172,-1
1962,29330488,-1
727,43705968,-1
411,7702660,-1
177,81723792,-1
748,22703508,-1
1119,61178831,-1
1468,33788680,-1
411,32549772,-1
2216,45112322,-1
191,62105933,-1
886,51715833,-1
117,31776625,-1
471,66423978,-1
966,5476653,-1
1918,73160233,-1
2050,8011382,-1
561,33225481,-1
765,48874340,-1
1496,10978312,-1
191,31394777,-1
686,9693415,-1
369,12815225,-1
1415,55296056,-1
1291,76738002,-1
1827,46391525,-1
1716,72145742,-1
894,26745717,-1
681,17099232,-1
765,52235119,-1
389,32518302,-1
875,36713376,-1
389,4563484,-1
1415,80076805,-1
914,42051700,-1
1566,44541999,-1
519,63290057,-1
692,37432216,-1
725,66762107,-1
2048,36703277,-1
692,62397866,-1
1338,75227983,-1
136,15948729,-1
1468,53804992,-1
1119,1987467,-1
191,49159081,-1
1338,68672513,-1
1605,5017243,-1
1468,27820646,-1
692,62561361,-1
411,49781842,-1
914,17029558,-1
389,55446302,-1
2197,45176463,-1
1291,72799984,-1
1379,26643600,-1
1140,8853579,-1
846,22857914,-1
173,61070779,-1
875,79278,-1
727,60468298,-1
692,33397146,-1
2201,44936547,-1
411,58558005,1
191,36019075,-1
1468,6867708,-1
117,69033221,-1
1291,66268445,-1
1468,25984222,-1
1483,18034860,-1
1918,26472384,-1
561,14333368,-1
191,51376955,-1
1415,6858897,-1
1291,36367335,-1
1918,51187379,-1
660,34971316,-1
411,79439207,1
692,51023094,-1
117,13142891,-1
519,69850448,-1
692,2228309,-1
1566,66118237,-1
1940,12511946,-1
2054,2209213,-1
727,28272800,-1
1605,23063251,-1
692,68328306,-1
692,75868457,-1
1415,27816236,1
173,49557009,-1
2118,40981989,-1
1918,21391946,-1
70,31122041,-1
1605,2791172,-1
1291,806798,-1
1017,68867678,-1
1119,21956354,-1
692,23304332,-1
1596,38557210,-1
1605,54276775,-1
692,21396292,1
1291,30686380,1
1021,74761655,-1
914,59013344,-1
660,63828889,-1
1468,7893589,-1
916,77661573,-1
1931,22751324,-1
2050,77304737,-1
1407,57339759,-1
302,62298043,-1
916,18833605,-1
1023,21410094,-1
727,57060159,-1
2031,6140233,-1
411,22898146,-1
411,69210068,-1
1119,29857997,-1
1716,81746211,-1
1827,30253051,1
1379,5223914,-1
1530,72006161,-1
411,80043707,-1
432,49325505,-1
1119,67305626,-1
70,75606147,-1
1021,26935477,-1
966,46732706,-1
1277,13397668,-1
1407,10630336,1
70,46927607,-1
914,55991124,-1
692,7126561,-1
1201,71925877,-1
1714,53350958,-1
74,72696952,-1
1317,79469803,-1
1291,24810095,-1
914,76987923,-1
411,50127414,-1
1468,68874210,-1
191,66062099,1
561,43943591,-1
1468,2443852,-1
70,45700603,-1
1017,17530595,-1
1119,79682799,-1
1781,13624808,-1
1566,50330777,-1
932,64285938,-1
1291,30031870,-1
1291,29092124,-1
1530,4452799,-1
1468,11689600,-1
1605,66085921,-1
1749,66675545,-1
562,79611344,-1
173,49616584,-1
2031,8641271,-1
725,73361449,-1
1119,11275540,-1
1842,81634575,-1
1407,79938956,-1
302,22716553,-1
2205,7752863,-1
1317,8622852,-1
1415,41568696,-1
725,34735783,-1
1021,75477428,-1
2031,54008788,-1
1291,8888203,-1
1415,67671274,-1
1605,32907612,-1
692,9579026,-1
1468,77517516,-1
1468,75754539,-1
411,76413273,-1
932,27917366,-1
1841,51273543,-1
1291,62288185,-1
212,14808785,-1
1119,66007718,-1
1317,42797681,-1
411,8155358,-1
1023,62157328,-1
1530,63521242,-1
117,75505256,-1
692,46264761,-1
1291,28257347,-1
1622,60674073,-1
1918,34670744,-1
212,29569150,-1
1483,49322604,-1
1377,74681821,-1
1021,39439529,-1
846,82278647,-1
1291,49956944,-1
561,78583585,-1
231,64445151,1
1119,71644303,-1
302,74372175,-1
1119,31840715,-1
1023,29960466,-1
1119,72379569,-1
2112,15557769,-1
561,55647848,-1
117,16449195,-1
411,51636281,-1
1605,49793220,-1
1119,35328061,-1
389,77877558,-1
692,9374246,-1
1566,21493466,-1
1530,44100030,-1
2068,36286782,-1
1254,65387164,-1
136,74295783,-1
1140,47754367,-1
1119,48057564,-1
18,27950560,-1
1918,53876073,-1
1749,59443172,-1
12,32808533,-1
411,63867903,-1
1605,23074906,-1
914,37174224,-1
725,53077454,-1
561,58714249,-1
1998,29414871,-1
519,69859100,-1
1871,34907602,-1
1842,62367368,-1
411,54958866,-1
1842,49053575,-1
1254,38868654,-1
1530,73186459,-1
1468,60629856,-1
692,43765100,-1
212,79124079,-1
12,48821596,-1
1291,56888799,-1
1605,42490385,-1
1291,11366688,1
1379,27132674,-1
692,39303486,-1
1377,66475490,-1
2048,64567752,-1
727,81426188,-1
562,42728657,-1
1503,33585229,-1
1950,67219050,-1
